GENE,Annotation,CLDN01,CLDN02,CLDN03,CLDN04,CLDN05,CLDN06,CLDN07,CLDN08,CLDN09,CLDN10,CLDN11,CLDN12,CLDN14,CLDN15,CLDN16,CLDN18.1,CLDN18.2,CLDN19A,CLDN19B,CLDN20,CLDN22,CLDN23,CLDN24,
CLDN3,Tight junction,0,0,0,0,16.25147662,0,0,0,10.38457345,0,0,0,0,0,0,0,12.29972033,0,15.10904382,0,0,0,0
CLDN7,Tight junction,0,0,0,0,8.205777215,0,0,0,0,0,0,0,0,0,0,0,0,0,0,0,0,0,0
EPCAM,Tight junction,0,0,0,0,0,0,0,13.32423443,0,0,0,0,14.10658365,0,0,0,0,0,17.92050236,0,0,0,0
LSR,Tight junction,0,0,0,0,0,0,0,0,0,0,0,22.70959171,0,0,0,0,0,0,0,0,0,0,0
MARVELD3,Tight junction,0,0,0,0,0,0,0,0,0,9.739191081,0,0,0,0,0,0,0,0,0,0,0,0,0
MPP7,Tight junction,0,0,0,8.327120787,0,6.305182872,0,0,9.105229879,0,0,0,0,0,0,0,0,0,0,9.14381331,0,0,6.963686858
OCLN,Tight junction,0,0,0,0,13.13170562,0,0,0,0,9.548077676,0,0,0,0,0,0,0,0,0,0,0,0,0
PATJ,Tight junction,0,0,0,0,0,0,0,0,0,0,0,0,0,0,0,9.858579626,0,0,0,0,0,0,0
RAP2B,Tight junction,0,0,0,0,0,5.848896246,0,0,0,8.553874865,0,10.08442471,7.116598727,7.860494911,0,0,0,0,0,0,0,0,0
RAP2C,Tight junction,0,0,0,0,10.57802047,0,0,0,0,13.28989039,0,9.512768361,0,0,0,0,0,0,0,0,0,0,0
TGFBR1,Tight junction,0,0,0,0,18.13523826,0,0,9.555890526,0,14.79057017,17.75063837,16.13578411,0,0,0,0,0,0,0,0,0,0,0
TJP1,Tight junction,0,0,0,0,0,0,0,0,0,0,0,0,0,0,5.719367248,0,0,0,0,0,0,0,0
VAPA,Tight junction,0,0,0,0,0,0,0,0,9.114876102,0,0,0,9.197261377,8.714623689,0,13.25076748,10.29660196,0,0,0,0,12.21731166,11.49029918
VAPA,Tight junction,0,0,0,0,0,0,0,0,0,0,0,0,0,0,0,0,0,0,0,0,0,9.394598625,0
CDH3,Adherens junction,0,0,0,0,0,0,0,0,0,0,0,0,0,0,5.588737654,0,0,0,8.176525962,0,0,0,0
CNN2,Adherens junction,0,0,0,0,0,0,9.898712739,0,0,0,0,0,0,0,0,0,0,0,0,0,0,0,0
CNN3,Adherens junction,0,0,0,0,0,0,4.670621483,0,0,0,0,0,0,0,0,0,0,0,0,0,0,0,0
DAG1,Adherens junction,0,0,0,0,0,0,0,0,0,0,0,0,0,10.9216332,0,0,0,0,0,0,0,0,0
EHD4,Adherens junction,0,0,0,0,0,0,12.58954139,0,0,0,0,0,0,0,0,0,0,0,0,0,0,0,0
EMD,Adherens junction,0,0,0,0,0,0,0,0,0,20.20447189,0,9.2646062,0,12.78942386,0,0,0,0,0,8.61501854,0,0,0
EPHA2,Adherens junction,0,0,0,0,0,0,0,0,8.588043231,0,0,0,10.65794365,8.912182579,0,11.86953692,9.502134225,0,0,0,7.782586479,9.414005034,7.675174928
ESYT2,Adherens junction,0,0,0,0,0,0,0,0,0,14.57110204,0,6.508168412,0,0,0,0,0,0,0,0,0,0,0
EZR,Adherens junction,0,0,0,0,0,0,12.88988435,0,0,0,0,0,0,0,0,0,0,0,0,0,0,0,0
FLOT1,Adherens junction,0,0,0,0,0,0,4.192577672,8.519186373,11.08354263,9.463174907,6.301474672,7.738761878,0,0,0,0,9.188470828,0,0,11.30043443,0,9.991483709,0
GPRC5A,Adherens junction,0,0,0,0,10.63403633,0,0,0,0,0,0,0,0,0,0,0,0,0,0,0,0,0,0
HSPA5,Adherens junction,0,0,0,0,19.84576357,0,0,0,15.18720235,0,6.444120639,0,23.48497216,0,0,11.61395607,12.749767,0,25.03588245,0,0,11.8065606,0
HSPA8,Adherens junction,0,0,0,0,0,0,0,0,0,0,0,0,0,0,0,0,0,0,0,0,0,15.53707811,7.498119324
KTN1,Adherens junction,0,0,0,0,0,0,0,0,0,0,0,0,0,0,0,0,17.11827553,0,0,0,0,0,0
LASP1,Adherens junction,0,0,0,0,0,0,8.449783724,0,0,0,0,0,0,0,0,0,0,0,0,0,0,0,0
LMO7,Adherens junction,0,0,0,0,0,0,0,0,0,0,0,0,0,0,0,0,0,6.602723965,0,0,0,0,0
LYN,Adherens junction,0,0,0,0,0,0,0,0,0,0,0,0,0,0,0,8.295947139,0,0,0,0,0,0,0
NECTIN2,Adherens junction,0,0,0,0,0,0,0,0,0,0,0,0,0,0,0,8.768973516,0,0,0,0,0,0,0
PKP2,Adherens junction,0,0,0,6.781768634,0,0,0,0,0,0,0,0,0,0,0,0,0,0,0,0,0,0,0
PVR,Adherens junction,0,0,0,0,0,0,0,0,0,0,0,0,0,0,0,9.230640419,0,0,0,0,0,0,0
RAB11B,Adherens junction,0,0,0,0,0,0,0,0,0,0,0,0,0,10.27899538,0,0,0,0,0,0,0,0,0
RAB1A,Adherens junction,0,0,0,0,0,0,0,0,0,0,0,0,6.64804714,0,0,0,0,0,0,0,0,0,0
SDCBP,Adherens junction,0,0,0,0,0,0,0,16.88982167,0,0,9.933445315,0,0,15.8813408,0,0,0,0,0,0,0,0,0
SLC3A2,Adherens junction,0,0,0,0,0,0,0,0,0,9.460588167,0,10.55625946,9.053859078,0,0,0,0,0,0,0,0,0,0
TES,Adherens junction,0,0,0,0,0,0,4.115480555,0,0,0,0,0,0,0,0,0,0,0,0,0,0,0,0
TMPO,Adherens junction,0,0,0,0,0,0,0,0,7.249983185,0,0,0,0,0,0,9.905068602,0,0,6.927361418,0,0,8.809398796,6.781039299
VAPB,Adherens junction,0,0,0,0,0,0,0,0,0,0,0,0,0,0,0,0,0,0,0,0,0,8.53541167,0
VEZT,Adherens junction,0,0,0,0,0,0,0,0,0,0,0,0,0,0,0,0,0,0,0,12.42562608,0,14.37133099,0
ACTN4,Cell junction,0,0,0,0,0,0,0,0,0,0,0,0,11.80319554,0,0,0,0,0,0,0,0,0,7.164601171
ADAM17,Cell junction,0,0,0,0,0,0,0,0,0,0,0,0,0,0,0,0,0,0,0,0,24.18313829,0,0
ARHGAP21,Cell junction,0,0,0,0,10.24758111,0,0,0,0,0,0,0,0,0,0,0,0,0,0,0,0,0,0
ATAD1,Cell junction,9.398984298,0,0,0,0,0,0,0,10.00823531,0,0,0,10.89298247,7.55979379,0,9.5585682,0,0,11.39822851,11.68475123,0,0,0
CASK,Cell junction,0,0,0,0,0,0,0,0,0,0,0,0,0,0,0,0,0,8.486910899,0,0,0,0,6.897606089
CDC42,Cell junction,0,0,0,7.034179094,0,0,0,10.77691719,0,10.54800927,0,10.96228631,0,13.64000126,0,13.09014587,9.685105437,0,10.31769156,0,0,0,0
CHRNB1,Cell junction,0,0,0,0,12.67087009,0,0,0,0,0,0,0,0,0,0,0,0,0,0,0,0,0,0
COL17A1,Cell junction,0,8.552224095,0,0,0,0,0,0,0,0,0,0,0,9.617255822,0,0,0,0,8.784686457,0,0,0,0
HPN,Cell junction,0,0,0,0,0,0,0,0,0,0,0,0,9.061654172,0,0,0,0,0,0,0,0,0,0
KCNK1,Cell junction,0,0,0,0,0,0,0,0,13.98061716,0,0,0,0,0,0,0,0,0,0,0,0,0,0
PI4K2A,Cell junction,0,0,0,0,0,0,0,0,0,0,0,0,0,0,0,9.934563933,9.494047561,0,0,0,0,0,0
PKP4,Cell junction,0,0,14.06850999,0,0,0,0,0,0,0,0,0,0,0,0,0,0,0,0,0,0,0,0
PTK7,Cell junction,9.155258355,0,0,0,0,0,0,0,0,0,0,0,14.63444166,10.39612538,0,10.72180262,10.04576289,0,8.852340635,0,0,10.83018902,0
RABAC1,Cell junction,0,0,0,0,0,0,0,0,0,0,0,13.25219442,0,0,0,0,0,0,0,0,0,0,0
RAP1A,Cell junction,0,0,0,0,0,0,0,0,11.36303106,0,0,0,10.23440057,11.55588113,0,15.05552888,0,0,7.553444881,0,0,14.71937879,10.21810032
RAP1B,Cell junction,0,0,0,0,0,0,0,0,11.41982209,0,0,6.754317376,9.857206449,10.54483349,0,11.82910709,0,0,0,0,0,9.023982733,0
RGS17,Cell junction,0,0,0,0,0,0,0,0,0,0,0,0,0,0,0,0,0,0,0,9.490398071,0,0,0
SCAMP1,Cell junction,0,0,0,0,0,0,0,0,7.379786722,0,0,0,0,0,0,0,0,0,0,0,0,0,0
SLC2A1,Cell junction,15.83637646,10.55675596,0,7.507328004,12.34781331,8.601836235,10.92046566,14.04841711,9.241605142,15.62728722,0,12.66694187,13.17523333,14.43680844,6.750566078,16.80111452,16.48170706,0,13.33920149,20.10040821,10.57604527,10.41346092,0
TFB2M,Cell junction,0,0,7.395554979,0,0,0,0,0,0,0,0,0,0,0,0,12.66720204,0,0,0,0,0,0,0
VAMP2,Cell junction,0,0,0,0,0,0,0,0,0,0,0,0,0,7.618298095,0,10.28203594,0,0,0,0,0,0,0
VAMP7,Cell junction,0,0,0,0,0,0,0,0,0,0,0,0,0,13.29762475,0,0,0,0,0,0,0,0,0
ABCB1,Apical plasma membrane,0,0,0,0,13.50370079,0,0,0,0,0,0,10.13617683,0,0,5.588546336,0,0,0,0,0,0,0,0
ATP1A1,Apical plasma membrane,0,0,0,0,0,0,0,0,0,0,0,9.373394728,0,0,0,0,0,0,0,0,0,0,0
ATP2B1,Apical plasma membrane,0,0,0,0,8.01732836,0,0,0,0,10.56430141,9.111657073,8.796375201,0,8.4738692,0,0,0,0,0,10.88586005,0,8.014853105,0
CAV1,Apical plasma membrane,0,0,0,0,0,0,0,0,0,0,0,6.22490965,0,8.46131082,0,0,0,0,0,0,0,0,0
CIB1,Apical plasma membrane,0,0,0,0,0,0,0,0,0,10.4646811,0,0,0,0,0,0,12.23263414,0,0,0,0,0,0
ERBB2,Apical plasma membrane,0,0,0,0,0,0,0,0,0,0,0,0,0,0,8.015528419,0,0,0,0,0,0,0,0
FZD6,Apical plasma membrane,11.27173315,0,0,0,9.337242335,0,0,0,11.6267718,0,5.522816177,0,20.02596687,0,0,0,0,0,11.47051014,0,0,13.23699404,10.15193171
GJA1,Apical plasma membrane,10.73618429,0,0,0,0,0,0,0,0,0,12.29018348,9.831188522,0,15.28293817,6.731056189,0,12.49815849,0,13.11898842,0,0,0,0
MUC1,Apical plasma membrane,0,0,0,0,0,0,0,0,0,0,0,0,0,13.12697775,0,10.09832011,14.7678925,0,0,0,0,0,0
MUC20,Apical plasma membrane,0,0,0,0,10.90166475,0,0,0,0,0,0,0,0,0,0,0,0,0,0,0,0,0,0
PROM2,Apical plasma membrane,0,0,0,0,22.5689394,0,0,0,0,0,0,0,12.05890824,0,0,0,0,0,19.79596309,0,0,0,0
RAB27A,Apical plasma membrane,0,0,0,0,0,0,0,0,0,15.22638321,0,8.277175721,0,0,0,0,0,0,0,0,0,0,0
SLC22A18,Apical plasma membrane,0,0,0,0,0,0,0,0,0,0,0,9.035101064,0,0,0,0,0,0,0,0,0,0,0
SLC4A2,Apical plasma membrane,10.7519461,0,7.325883216,0,0,0,0,0,0,0,0,0,0,0,0,0,0,0,6.600086142,0,0,0,0
SLC7A5,Apical plasma membrane,0,0,0,0,0,0,0,0,0,17.68998397,0,21.67056888,0,0,0,0,0,0,0,0,0,0,0
SLC9A1,Apical plasma membrane,0,0,0,0,0,0,0,0,0,0,0,0,0,8.494534182,0,0,0,0,0,0,0,0,0
STXBP2,Apical plasma membrane,0,0,0,0,0,0,0,0,8.306980384,0,0,0,7.89743487,14.25822134,0,12.14754955,11.10128272,0,0,0,0,0,0
TMEM30A,Apical plasma membrane,8.990642282,9.665647985,0,0,35.03376405,0,6.411560262,0,13.1980421,0,8.637647552,0,15.72054032,10.8504516,0,9.027663062,9.019753309,0,17.24967558,0,0,0,0
UPK1B,Apical plasma membrane,0,0,0,0,20.83125668,0,0,0,23.90745988,0,20.32809539,17.44031051,14.89285707,8.887354505,0,11.5966272,13.22402776,9.605502364,30.25539148,0,0,10.27706028,0
UPK3A,Apical plasma membrane,0,0,0,0,0,0,0,0,0,0,4.559826287,6.519433874,0,0,0,0,0,0,0,0,0,0,0
ABCC4,Basolateral plasma membrane,0,0,0,0,0,0,0,0,0,0,0,0,0,9.900189288,0,10.4313547,10.8211168,0,7.356684663,0,0,0,0
ATP2B4,Basolateral plasma membrane,0,0,0,0,8.067616593,0,0,0,0,0,7.691190224,8.399901641,0,0,0,0,0,0,0,0,0,9.199650702,0
ATP7B,Basolateral plasma membrane,0,0,0,0,0,0,0,0,0,0,0,0,0,0,0,0,0,0,9.103728719,0,0,0,0
CDH17,Basolateral plasma membrane,11.53202285,0,10.2199959,0,0,0,0,0,0,0,0,0,0,0,0,12.83604591,0,0,0,0,0,0,0
CNNM4,Basolateral plasma membrane,0,0,0,0,0,0,0,0,11.31129732,0,0,0,6.477155876,0,0,0,0,0,0,0,0,0,0
HEPH,Basolateral plasma membrane,0,0,0,0,0,0,0,0,0,0,5.37358355,0,0,10.04903823,0,0,0,0,0,0,0,0,0
ITGA3,Basolateral plasma membrane,0,0,0,0,0,0,0,0,0,0,0,0,10.76692493,8.168669131,0,0,0,0,0,0,0,9.369227458,0
ST14,Basolateral plasma membrane,0,0,0,0,0,0,0,0,0,0,0,0,6.349292359,0,0,0,0,0,0,0,0,0,0
STX4,Basolateral plasma membrane,0,0,0,0,0,0,0,0,0,0,0,0,8.598038039,0,0,0,0,0,0,0,0,0,0
TFRC,Basolateral plasma membrane,0,0,0,0,0,0,0,0,0,0,9.350318793,13.24149418,0,0,0,0,0,0,0,0,0,0,0
ABLIM1,Cytoskeleton,0,0,0,6.930610494,0,0,0,0,0,0,0,0,0,0,0,0,0,0,0,0,0,0,0
AFAP1,Cytoskeleton,0,0,0,0,0,0,0,0,0,0,0,0,0,0,0,0,0,6.03696195,0,0,0,0,0
ARL6IP5,Cytoskeleton,0,0,0,0,0,0,0,0,0,0,0,0,0,8.287146951,0,0,0,0,0,0,0,0,0
AURKA,Cytoskeleton,0,0,0,0,0,0,0,0,0,0,0,0,0,0,0,0,0,0,0,0,0,0,9.595427986
CHP1,Cytoskeleton,0,0,0,0,0,0,0,0,0,0,0,0,0,0,0,0,0,0,0,0,0,11.61053004,7.37572205
CKAP4,Cytoskeleton,0,0,0,0,0,0,0,0,0,15.47330612,0,0,0,7.532580426,0,0,0,0,0,0,7.884920106,10.25078576,10.52796249
CORO1C,Cytoskeleton,0,0,0,0,0,0,0,0,0,0,0,0,0,0,0,0,0,0,0,0,0,0,9.629646118
DHCR24,Cytoskeleton,0,0,0,0,0,0,0,0,0,8.717759495,0,0,0,0,0,0,0,0,0,0,0,0,0
EVC2,Cytoskeleton,0,0,0,0,12.14658889,0,0,0,0,0,0,0,0,0,0,0,0,0,0,0,0,0,0
HSPB1,Cytoskeleton,0,0,0,0,0,0,4.642374339,0,0,0,0,0,0,0,0,0,0,0,0,0,0,0,0
MFN2,Cytoskeleton,0,0,0,0,0,0,0,0,0,0,0,0,0,0,0,0,0,0,9.870061526,10.58372682,0,0,0
MPP1,Cytoskeleton,0,0,0,0,0,0,6.79177679,0,0,0,0,0,0,0,0,0,0,0,0,0,0,0,0
NDC1,Cytoskeleton,0,0,0,0,0,0,0,19.22144983,0,0,0,0,0,11.77472689,0,0,0,0,0,0,0,0,0
PLK1,Cytoskeleton,0,0,0,0,0,0,0,0,0,0,0,0,0,0,0,0,0,0,11.2705696,0,0,0,0
PPP2R1A,Cytoskeleton,0,0,0,0,0,0,4.421607697,0,0,0,0,0,0,0,0,0,0,0,0,0,0,0,0
RAB5A,Cytoskeleton,0,0,0,0,0,0,0,0,9.602936004,10.57815946,0,9.646322745,6.879402289,11.76995619,0,15.336954,9.445292938,0,0,9.476704086,0,0,0
RASSF1,Cytoskeleton,0,0,0,0,0,0,0,0,0,0,0,0,0,0,0,0,0,0,0,0,0,9.009409712,0
SGCB,Cytoskeleton,0,0,0,0,0,0,0,0,8.148681216,0,0,0,0,0,0,0,0,0,0,0,0,0,0
SLC30A9,Cytoskeleton,0,0,0,0,13.5512668,0,0,0,0,0,0,10.77080536,0,10.09835586,0,0,0,0,0,10.32859447,0,0,0
SLC7A11,Cytoskeleton,0,0,0,0,0,0,0,0,0,0,0,0,0,7.935476951,0,0,0,0,0,0,0,0,0
STOM,Cytoskeleton,8.910642888,0,0,0,15.53955902,0,0,0,9.157722099,22.23906226,8.024347504,18.99146844,8.248212645,11.63225257,0,12.31683204,12.14135313,0,9.269533767,15.84462033,11.78283878,10.26256751,0
STUB1,Cytoskeleton,11.26550531,0,0,0,0,0,0,0,0,0,0,0,8.317918506,0,0,0,0,0,0,0,0,12.50265725,0
TPM4,Cytoskeleton,0,0,0,0,0,0,4.54152048,0,0,0,0,0,0,0,0,0,0,0,0,0,0,0,0
TPX2,Cytoskeleton,0,0,0,0,0,0,0,0,0,0,0,0,0,0,0,0,0,7.947182704,0,0,0,0,0
ANKRD13A,Caveola-Endosome-Lysosome,0,0,0,0,0,0,0,0,0,9.18776952,0,0,0,12.3489194,0,0,0,0,6.916540255,0,0,0,0
ANKRD27,Caveola-Endosome-Lysosome,0,0,0,0,0,0,0,0,0,0,0,0,0,0,0,0,0,6.737899398,0,0,0,0,0
ANTXR2,Caveola-Endosome-Lysosome,0,0,0,0,0,0,0,0,0,0,0,0,7.113863716,0,0,0,0,0,0,0,0,0,0
ARL8B,Caveola-Endosome-Lysosome,0,0,0,0,7.751206358,0,0,0,0,10.84490223,0,13.38447911,0,8.962542358,0,0,0,0,0,0,0,0,0
ATP11A,Caveola-Endosome-Lysosome,0,0,0,0,0,0,0,0,10.16814081,0,0,0,6.587824362,8.02600821,0,9.736738314,0,0,6.839242817,0,8.430375836,0,8.571558914
ATP6AP1,Caveola-Endosome-Lysosome,0,0,0,0,8.69504153,0,0,0,0,0,0,0,0,0,0,0,0,0,0,0,0,0,0
CAV2,Caveola-Endosome-Lysosome,0,0,0,0,0,0,0,0,0,0,0,7.459226049,0,0,0,8.64387129,0,0,0,0,0,0,0
CCDC115,Caveola-Endosome-Lysosome,0,0,0,0,0,0,0,0,0,0,0,0,0,0,0,0,0,0,0,0,0,9.822014784,0
CHMP6,Caveola-Endosome-Lysosome,0,0,0,0,0,0,0,0,0,0,0,0,7.786676394,0,0,0,0,0,0,0,0,0,0
DERL2,Caveola-Endosome-Lysosome,0,0,0,0,8.14557892,0,0,0,0,0,0,0,0,0,0,0,14.65721387,0,0,9.215320857,0,0,0
DNAJC13,Caveola-Endosome-Lysosome,0,0,0,0,0,0,0,0,8.141330675,0,0,0,0,0,0,0,0,0,0,0,0,0,0
F2RL1,Caveola-Endosome-Lysosome,15.01248819,0,0,0,12.11602059,0,0,0,0,0,0,0,0,0,0,0,0,0,0,0,0,0,0
GLMP,Caveola-Endosome-Lysosome,0,0,0,0,0,0,0,10.2484139,0,0,0,0,0,0,0,0,0,0,0,0,0,0,0
GOSR2,Caveola-Endosome-Lysosome,0,0,0,0,0,0,0,0,0,0,0,0,0,20.72743395,0,0,0,0,0,0,0,0,0
HMOX1,Caveola-Endosome-Lysosome,0,0,0,0,0,0,0,0,0,0,0,0,0,21.99599824,0,0,14.5144842,0,0,0,0,0,0
ITM2B,Caveola-Endosome-Lysosome,0,0,0,0,0,0,0,0,0,0,0,0,6.831954178,0,0,0,0,0,7.130563373,0,0,0,0
ITM2C,Caveola-Endosome-Lysosome,0,0,0,0,0,0,0,0,0,0,0,0,7.644339456,10.27212451,0,0,0,0,0,0,0,0,0
LAMTOR1,Caveola-Endosome-Lysosome,0,0,0,0,0,0,0,0,0,10.67755128,6.195044486,6.160521905,0,0,0,12.52145175,0,0,0,0,0,0,0
LRPAP1,Caveola-Endosome-Lysosome,0,0,0,0,0,0,0,0,0,0,0,0,10.05170699,17.06644713,0,0,0,0,0,0,0,0,0
LY96,Caveola-Endosome-Lysosome,0,0,0,0,0,0,0,0,0,0,0,0,0,0,0,0,0,0,7.02293167,0,0,0,0
M6PR,Caveola-Endosome-Lysosome,0,0,0,0,0,0,0,17.81142741,0,0,4.736111286,16.50275236,0,0,0,0,0,0,0,0,0,0,0
NRP1,Caveola-Endosome-Lysosome,0,0,0,0,0,0,0,0,0,14.32246566,0,0,0,0,0,0,0,0,0,0,0,0,0
OCIAD1,Caveola-Endosome-Lysosome,0,0,0,0,0,0,0,0,0,9.999422499,0,0,14.62962439,19.70416379,0,0,0,0,0,0,0,0,0
PON2,Caveola-Endosome-Lysosome,0,0,0,0,0,0,0,0,0,0,0,6.557601457,0,0,0,0,0,0,0,0,0,0,0
PRAF2,Caveola-Endosome-Lysosome,0,0,0,0,0,0,0,0,7.216118833,0,0,0,0,0,0,0,14.58326822,0,0,0,0,0,0
PTGS2,Caveola-Endosome-Lysosome,0,8.644555691,0,0,0,0,0,0,0,0,0,0,0,0,0,0,0,0,0,0,0,9.460769746,0
RAB11FIP1,Caveola-Endosome-Lysosome,8.971254708,0,0,0,0,0,0,0,0,0,0,0,0,0,0,0,0,0,0,0,0,0,0
RAB23,Caveola-Endosome-Lysosome,0,0,0,0,0,0,0,0,15.11446447,0,0,0,0,0,0,0,0,0,0,0,0,0,0
RAB31,Caveola-Endosome-Lysosome,0,0,0,0,0,0,0,0,0,0,0,0,0,8.230910333,0,0,0,0,0,10.87877571,0,0,0
RAB35,Caveola-Endosome-Lysosome,0,0,0,0,0,0,0,0,0,0,0,0,0,0,0,0,0,0,0,0,0,16.58503512,0
RAB43,Caveola-Endosome-Lysosome,0,0,0,0,0,0,0,0,0,8.24632027,0,6.195997905,0,0,0,12.12382566,0,0,0,13.93792425,0,12.11867705,7.943980439
RAB5B,Caveola-Endosome-Lysosome,0,0,0,0,0,0,0,9.283417886,9.104831632,10.73034572,0,9.465592138,0,15.11534353,0,14.28581254,9.287789849,0,0,0,0,0,0
RAB5C,Caveola-Endosome-Lysosome,0,0,0,0,0,0,0,0,8.115843991,0,0,0,0,11.47070626,0,12.80443502,0,0,0,0,0,0,0
RAB6A,Caveola-Endosome-Lysosome,0,0,0,0,0,0,0,0,0,0,0,0,0,10.92474899,0,0,0,0,0,9.288749735,0,0,0
RAB7A,Caveola-Endosome-Lysosome,0,0,0,0,0,0,0,0,0,0,0,0,0,9.193701418,0,0,0,0,0,0,0,0,0
RAB9A,Caveola-Endosome-Lysosome,0,0,0,0,0,0,0,10.7971167,0,15.21340986,0,6.418421289,0,11.59458956,0,0,0,0,7.952611497,9.710420833,0,0,0
RAC1,Caveola-Endosome-Lysosome,0,0,0,0,0,0,0,0,8.695578902,0,0,0,0,15.73559689,0,12.14058333,14.5362983,0,8.374568364,0,0,13.10150531,0
SCARB1,Caveola-Endosome-Lysosome,0,0,0,0,17.78987842,0,0,0,0,0,6.978790706,0,35.30446953,0,0,0,0,0,8.513961507,0,0,0,0
SDF4,Caveola-Endosome-Lysosome,0,0,0,0,0,0,0,0,0,14.02603666,0,9.955121513,0,0,0,0,0,0,7.0657664,0,0,0,0
SMPD2,Caveola-Endosome-Lysosome,0,0,0,0,0,0,0,0,0,0,0,0,12.03860326,0,0,0,0,0,0,0,0,0,0
STEAP3,Caveola-Endosome-Lysosome,0,0,0,0,14.32694397,0,0,0,0,0,0,0,0,0,0,0,0,0,0,0,0,0,0
SUN2,Caveola-Endosome-Lysosome,0,0,0,0,0,0,0,0,0,0,0,0,0,0,0,0,0,0,0,10.27048608,0,0,0
TM9SF4,Caveola-Endosome-Lysosome,0,0,0,0,8.503991902,0,0,0,0,0,4.586586648,6.545870287,0,8.430496779,0,0,0,0,0,0,0,0,0
TMEM165,Caveola-Endosome-Lysosome,0,0,0,0,8.246423813,0,0,0,0,14.48185249,5.607003129,7.389945599,0,8.697113639,0,9.455205912,10.74398535,0,0,12.86669796,0,10.49056874,0
TMEM59,Caveola-Endosome-Lysosome,0,0,0,0,0,0,0,0,0,0,0,0,16.8781383,0,0,0,12.04761288,0,0,0,0,0,0
TPP1,Caveola-Endosome-Lysosome,0,0,0,0,0,0,0,0,0,30.51842077,0,11.50404704,0,0,0,0,0,0,0,19.95028794,0,0,0
VAMP5,Caveola-Endosome-Lysosome,0,0,0,0,0,0,0,0,15.09016219,0,0,0,15.10051391,7.946913595,0,11.66140263,8.695140122,0,0,0,0,18.51022234,15.75165808
VAMP8,Caveola-Endosome-Lysosome,0,0,0,0,0,0,0,0,0,0,0,0,0,11.38295803,0,0,0,0,0,0,0,0,0
VPS35,Caveola-Endosome-Lysosome,0,0,0,0,0,0,0,0,0,0,0,0,11.09754874,0,0,0,0,0,0,0,0,0,0
VPS45,Caveola-Endosome-Lysosome,0,0,0,0,0,0,0,0,10.51645967,0,0,0,10.92190989,13.20637845,0,12.35764112,13.57680005,0,0,0,0,0,0
VTI1A,Caveola-Endosome-Lysosome,0,0,0,0,0,0,0,0,0,0,0,0,9.181907943,0,0,0,0,0,0,0,0,0,0
VTI1B,Caveola-Endosome-Lysosome,0,0,0,0,0,0,0,0,0,11.81449697,0,0,0,0,0,0,0,0,0,0,0,0,0
WDFY1,Caveola-Endosome-Lysosome,0,0,0,0,0,0,0,0,0,0,0,0,0,0,0,0,0,0,0,0,0,8.139444357,0
WLS,Caveola-Endosome-Lysosome,0,0,0,0,11.81802208,0,0,0,0,0,0,0,0,0,0,0,0,0,0,0,0,0,0
ABCC5,Integral component of plasma membrane,0,0,0,0,0,0,0,0,0,0,0,0,0,8.391407979,0,0,0,0,0,0,0,0,0
ACVR1,Integral component of plasma membrane,0,0,0,0,0,0,0,0,0,0,0,0,0,0,5.031712996,0,0,0,0,0,0,11.79523718,0
ADGRE5,Integral component of plasma membrane,0,0,0,0,11.78796014,0,0,0,0,0,0,0,0,9.923461341,0,0,0,0,8.649247991,0,0,0,0
ADGRG1,Integral component of plasma membrane,0,0,0,0,15.81015552,0,0,0,0,0,0,0,0,0,0,0,0,0,0,0,0,0,0
APH1A,Integral component of plasma membrane,0,0,0,0,14.95866446,0,0,0,0,0,0,0,0,0,0,0,0,0,0,0,0,0,0
ATP13A1,Integral component of plasma membrane,0,0,0,0,0,0,0,0,0,0,0,0,0,7.804493111,0,0,0,0,7.115088247,0,0,0,0
ATP2A2,Integral component of plasma membrane,0,0,0,0,11.03943027,0,0,0,0,16.12552564,0,17.2261895,0,9.879950238,0,0,0,0,0,11.20725139,0,10.45456865,0
ATP2C1,Integral component of plasma membrane,0,9.552355577,8.977816111,0,0,0,0,0,0,0,0,0,6.450585411,0,0,0,0,0,7.431689842,0,0,0,0
ATRN,Integral component of plasma membrane,0,0,0,0,10.12998949,0,0,0,0,0,0,0,11.00711316,0,0,0,0,0,0,0,0,0,0
BCAM,Integral component of plasma membrane,0,0,0,0,0,0,0,0,0,0,0,0,0,0,0,10.07024599,0,0,0,0,0,0,0
BCAP29,Integral component of plasma membrane,0,0,0,0,13.91522868,0,0,0,0,0,0,0,0,0,0,0,0,0,0,0,0,0,0
CD99,Integral component of plasma membrane,0,0,0,0,0,0,0,0,0,0,0,0,0,0,0,0,0,0,0,0,0,8.594797441,0
EPHA1,Integral component of plasma membrane,0,0,0,0,0,0,0,0,0,0,0,0,0,0,0,10.8550884,0,0,0,0,0,9.934183466,0
FLVCR1,Integral component of plasma membrane,10.43130799,0,0,0,0,0,0,0,0,0,0,0,0,0,0,0,0,0,7.612280539,0,0,0,0
IGF1R,Integral component of plasma membrane,0,0,0,0,0,0,0,14.02416755,0,0,0,0,0,0,0,0,0,0,0,0,0,0,0
ITPR3,Integral component of plasma membrane,0,9.569879314,8.71291635,0,0,0,0,0,7.723920111,0,0,0,7.118069181,9.093541329,0,11.45102241,0,7.777103449,6.68549115,0,8.752334437,10.30439132,8.171819215
JAG2,Integral component of plasma membrane,0,0,0,0,9.177634184,0,0,0,10.96820496,0,0,0,0,0,0,0,0,0,0,0,0,0,0
MAGT1,Integral component of plasma membrane,0,0,0,0,0,0,0,0,0,0,0,0,0,8.302368267,0,0,0,0,0,0,0,0,0
MET,Integral component of plasma membrane,0,0,0,0,0,0,0,0,0,0,0,0,0,0,0,0,0,0,9.454086126,0,0,0,0
MPZL1,Integral component of plasma membrane,0,0,0,0,0,0,0,0,0,0,0,0,0,0,0,0,0,0,19.1684034,0,0,0,0
NCSTN,Integral component of plasma membrane,0,0,0,0,24.81111241,0,0,0,0,0,0,0,13.64678262,0,0,0,0,0,7.991032219,0,0,0,0
NOTCH2,Integral component of plasma membrane,0,0,0,0,0,0,0,0,0,0,0,0,0,10.41406428,0,0,0,0,0,0,0,0,0
NPR3,Integral component of plasma membrane,0,0,0,0,0,0,0,0,0,11.44849797,12.95776439,6.919705609,0,8.740628281,0,0,0,0,0,0,0,0,0
P2RY2,Integral component of plasma membrane,0,0,0,0,12.03764835,0,0,0,0,0,0,0,0,0,0,0,0,0,0,0,0,0,0
PLXNA4,Integral component of plasma membrane,0,0,0,0,0,0,0,0,0,0,0,0,0,0,0,0,14.18376239,0,0,0,0,0,0
PLXNB2,Integral component of plasma membrane,0,0,0,0,0,0,0,0,0,0,0,6.434621932,0,0,0,0,0,0,0,0,0,0,0
PROCR,Integral component of plasma membrane,0,0,0,0,0,0,0,0,0,0,0,0,7.230877393,0,0,0,0,0,0,0,0,0,0
PTGER2,Integral component of plasma membrane,0,0,0,0,0,0,0,0,11.6656361,0,0,0,0,0,0,0,0,0,0,0,0,0,0
PTPRF,Integral component of plasma membrane,0,0,0,0,0,0,0,0,0,0,0,0,0,0,0,0,0,0,0,0,0,10.07209083,0
PTPRZ1,Integral component of plasma membrane,0,0,0,0,0,0,0,0,0,0,0,0,0,13.17666616,0,0,0,0,9.161597051,0,0,0,0
SLC12A4,Integral component of plasma membrane,11.02639804,11.09777194,0,0,0,0,0,0,11.4327688,0,0,0,13.63118548,10.4187766,5.793037404,12.98874597,9.294882648,9.944524432,10.85488606,0,8.817698723,12.16873427,9.805356828
SLC1A5,Integral component of plasma membrane,0,0,0,0,0,0,0,0,0,11.65323893,0,7.061894186,0,8.870925569,0,9.795370916,0,0,0,0,0,0,0
SLC20A1,Integral component of plasma membrane,0,0,0,0,0,0,0,0,0,13.30950098,0,8.397643666,0,11.86563788,7.08717582,0,0,0,7.159031106,0,0,0,0
SLC25A11,Integral component of plasma membrane,14.31382217,10.77138348,0,0,13.31547357,0,0,0,0,12.481299,0,7.952706499,8.239523247,8.680499959,11.86448092,0,8.652720882,0,0,14.6054519,7.895032099,9.65023079,0
SLC25A13,Integral component of plasma membrane,16.87346789,13.84042016,13.47073093,0,11.40221863,8.678097684,0,14.44913926,12.31900285,18.32306107,4.785724044,7.732063002,17.42658926,16.43576544,11.09097228,18.31589916,17.46003143,11.02980822,16.76238119,20.2882606,13.69270231,12.66999815,0
SLC25A3,Integral component of plasma membrane,0,15.32022037,10.08157509,0,13.50823299,0,0,8.724026217,7.614546963,25.11469686,0,16.50565021,0,10.92885499,9.121958409,9.216191483,9.313327086,0,9.587334808,18.86876672,8.164401268,10.28145665,0
SLC25A4,Integral component of plasma membrane,0,0,0,0,0,0,0,10.53212287,0,13.84412017,0,12.1622609,9.955747902,0,0,0,0,0,0,12.10095107,0,0,0
SLC25A5,Integral component of plasma membrane,0,12.33788022,9.101253999,0,15.04787302,8.665637382,0,13.4567825,10.51228752,17.26458155,7.04759925,10.49987087,11.2408506,15.79845978,8.810717905,12.66252059,0,0,10.6417144,15.86880548,10.31647011,11.00410361,0
SLC2A3,Integral component of plasma membrane,0,0,0,0,0,0,5.419598944,0,0,0,0,8.870168101,0,0,0,0,0,0,0,0,0,0,0
SLC5A3,Integral component of plasma membrane,0,0,0,0,0,0,0,0,0,14.77611079,0,7.108846593,0,0,0,0,0,0,0,0,0,0,0
SLC5A6,Integral component of plasma membrane,0,0,0,0,0,0,0,0,0,12.88186811,0,0,0,0,0,0,0,0,0,0,0,0,0
SLC6A6,Integral component of plasma membrane,0,0,0,0,10.02230827,0,0,0,0,0,0,0,0,0,0,0,0,0,0,0,0,0,0
SLC7A1,Integral component of plasma membrane,0,0,0,0,9.833750666,0,0,12.7570336,10.55731597,0,0,0,0,0,0,18.51438076,0,0,7.787167596,10.80524137,0,0,0
SLCO4A1,Integral component of plasma membrane,0,0,0,0,0,0,0,0,0,0,0,0,0,0,0,0,0,0,7.990135614,0,0,0,0
SLMAP,Integral component of plasma membrane,0,0,0,0,0,0,0,0,0,8.388266641,0,0,0,0,0,0,0,0,0,0,0,0,0
STIM1,Integral component of plasma membrane,0,0,0,0,0,0,0,0,0,0,0,0,0,0,0,0,0,0,7.103305329,0,0,0,0
THBD,Integral component of plasma membrane,0,0,0,0,0,0,0,0,0,0,0,0,0,0,0,0,0,0,0,0,0,11.2612846,0
TMEM11,Integral component of plasma membrane,0,0,0,0,0,0,0,0,0,0,0,0,0,0,0,0,0,0,0,0,0,9.775189707,0
TMPRSS11E,Integral component of plasma membrane,0,0,0,0,0,0,0,0,0,0,0,6.623344225,0,0,0,0,0,0,0,0,0,0,0
TNFRSF1A,Integral component of plasma membrane,0,0,0,0,0,0,0,0,0,0,0,0,0,0,0,0,0,0,12.06087101,0,0,0,0
TNFSF10,Integral component of plasma membrane,0,0,0,0,9.77012238,0,0,0,0,0,0,0,0,0,0,0,0,0,0,0,0,0,0
TSPAN6,Integral component of plasma membrane,8.90058671,0,0,0,0,0,0,0,0,0,0,0,0,0,0,0,0,0,0,0,0,0,0
ABCA3,Plasma membrane,0,0,0,0,17.17388072,0,0,0,0,0,0,0,0,0,0,0,0,0,0,0,0,0,0
ABCA8,Plasma membrane,10.61579471,0,0,0,0,0,0,0,22.48176026,16.67772335,0,0,10.60274186,9.384101893,0,10.88229043,12.46771605,0,7.204735796,12.5199951,9.742678045,11.11772728,8.30288066
ABCC10,Plasma membrane,0,0,0,0,0,0,0,0,0,0,0,0,0,8.055630421,0,0,0,0,0,0,0,0,0
ABHD12,Plasma membrane,0,0,0,0,0,0,0,0,0,9.611665125,0,0,0,8.547527387,0,0,0,0,0,0,0,8.893734195,0
ACOX1,Plasma membrane,12.40751907,0,0,7.141575032,0,0,0,0,0,0,0,0,0,0,0,0,0,0,0,0,0,0,0
ACSL1,Plasma membrane,0,0,0,0,0,0,0,0,0,14.15819539,0,0,0,0,0,0,0,0,0,0,0,0,0
ADAM10,Plasma membrane,0,0,0,0,9.289754677,0,0,0,0,0,9.502090689,11.57755335,0,8.641175074,0,0,0,0,14.72231428,0,0,8.26390031,0
ADGRG6,Plasma membrane,0,0,0,0,16.38931513,0,0,0,0,0,0,0,0,0,0,0,0,0,0,0,0,0,0
ADGRV1,Plasma membrane,0,0,0,0,0,0,0,0,0,0,0,0,0,0,0,0,0,0,0,0,0,8.711229966,0
ALDH3B1,Plasma membrane,0,0,0,0,0,0,0,0,0,8.692498885,0,0,0,0,0,10.81308192,0,0,0,12.39637131,7.88394216,13.2852921,14.16390419
ANO10,Plasma membrane,0,0,0,0,0,0,0,0,0,0,5.122722887,0,0,0,0,0,0,0,0,0,0,0,0
ASPH,Plasma membrane,0,0,0,0,0,0,0,0,0,0,0,6.802764536,0,0,0,0,0,0,0,0,0,0,0
ATP6AP2,Plasma membrane,0,0,0,0,16.66792194,0,0,0,0,9.186225415,0,14.98392648,9.023679094,0,0,0,0,0,0,0,0,0,0
CALM1,Plasma membrane,0,0,0,0,0,0,0,0,0,0,0,0,0,0,0,0,0,0,0,0,0,0,11.38830663
CDCP1,Plasma membrane,0,0,0,0,14.22777415,0,0,0,0,0,0,0,6.340610475,0,0,0,0,0,0,0,0,0,0
CDIPT,Plasma membrane,0,0,0,0,0,0,0,0,0,11.00637988,0,6.944105395,0,9.52456826,0,8.462927711,0,0,0,11.41882659,12.74024969,0,0
CNNM3,Plasma membrane,0,0,0,0,0,0,0,0,0,0,0,0,6.456600943,0,0,0,0,0,0,0,0,0,0
COMT,Plasma membrane,0,0,0,0,0,0,0,0,0,0,0,0,0,10.04758885,0,0,0,0,0,9.168428498,0,10.77029859,0
COQ8B,Plasma membrane,0,0,0,0,0,0,0,0,0,8.863944374,0,0,0,0,0,0,0,0,0,9.135640099,0,0,0
CPD,Plasma membrane,0,0,0,0,0,0,0,13.06518573,0,11.01413258,5.166524115,7.981133101,7.473315376,0,0,9.210761122,0,0,0,0,0,0,0
DAAM1,Plasma membrane,0,10.24536781,0,0,0,0,0,10.46888016,0,0,0,9.919608665,8.308680682,0,0,0,13.04918641,0,0,13.45685726,11.17898561,11.56533973,9.296480441
DGKE,Plasma membrane,0,0,0,0,0,0,0,0,14.73074373,0,0,0,0,15.74629975,0,18.07575257,0,0,0,9.607403616,13.49072478,16.23384103,6.156653952
DNAJC1,Plasma membrane,0,0,0,0,0,0,0,0,0,0,0,0,0,0,0,11.35988108,0,0,0,0,0,14.84426298,10.50446411
EFR3A,Plasma membrane,0,0,0,0,0,0,0,0,0,12.15300867,0,0,0,0,0,0,0,0,0,0,0,0,0
EPN1,Plasma membrane,0,0,0,0,0,0,0,0,0,0,0,0,8.531013186,0,0,0,0,0,0,0,0,0,0
EPN3,Plasma membrane,0,0,0,0,7.976645897,0,0,0,0,0,0,0,0,0,0,0,0,0,0,0,0,0,0
ERLIN2,Plasma membrane,0,0,0,0,0,0,0,0,0,0,0,0,7.902838229,0,4.58560356,11.13343545,0,0,0,0,0,11.56180498,0
ESYT1,Plasma membrane,0,0,0,0,0,0,0,0,0,0,0,7.546845803,0,12.52354608,0,0,0,0,0,0,0,0,0
FOLR2,Plasma membrane,0,0,0,0,0,0,0,0,0,0,0,0,0,0,0,0,0,0,10.07294616,0,0,0,0
FURIN,Plasma membrane,0,0,0,0,0,0,0,0,0,13.3700202,0,8.121733456,0,0,0,0,0,0,0,14.55254779,0,8.863972368,0
GLG1,Plasma membrane,0,0,0,0,0,0,0,0,7.893858453,0,0,0,0,11.31098564,0,0,0,0,0,0,0,11.37057806,0
GLIPR1,Plasma membrane,0,0,0,0,8.492105624,0,0,0,0,0,0,0,0,0,0,0,0,0,0,0,0,0,0
GNA13,Plasma membrane,0,0,0,0,0,6.587731245,0,0,0,0,0,0,0,0,0,0,0,0,0,0,0,0,0
GNAI2,Plasma membrane,0,0,0,0,0,0,0,0,0,0,0,0,0,0,0,11.9478112,0,0,0,0,0,0,0
GNAI3,Plasma membrane,0,0,0,0,0,0,0,0,0,0,5.865477726,0,0,0,0,0,0,0,0,0,0,0,0
GNB1,Plasma membrane,0,0,0,0,0,0,0,0,0,0,7.447020791,0,0,8.088734322,0,0,0,0,0,0,0,0,0
GNB2,Plasma membrane,0,0,0,0,0,0,0,0,0,0,0,0,0,8.238782768,0,8.418051532,0,0,0,0,0,0,0
GOT2,Plasma membrane,0,0,0,0,0,0,0,0,0,0,0,0,0,0,0,0,0,0,0,10.5214382,0,0,0
GPRC5B,Plasma membrane,0,0,0,0,10.14152976,0,0,0,0,0,12.70351494,0,0,0,0,0,0,0,10.25626101,0,0,14.04767001,0
HM13,Plasma membrane,0,0,0,0,0,0,0,0,0,0,0,0,0,0,0,9.766998621,0,0,7.793785446,0,0,9.065133392,0
HSD17B10,Plasma membrane,0,0,0,0,0,0,0,0,0,8.889624148,0,0,0,0,0,0,0,0,0,0,0,0,0
HSD17B7,Plasma membrane,0,0,0,0,0,0,0,0,0,0,0,0,9.167936463,15.53750167,0,17.81006361,14.55904705,0,9.005432199,0,0,0,0
ITPR2,Plasma membrane,0,0,0,0,0,0,0,0,9.058891511,0,0,0,12.17077874,10.48060906,0,10.33576056,15.07643326,7.360476059,0,11.82668921,0,10.28318553,10.48763733
ITPRIP,Plasma membrane,0,0,0,0,0,0,0,0,0,0,0,0,0,9.036498401,0,0,0,0,0,9.907366523,0,13.51515567,0
LRRC8A,Plasma membrane,0,0,0,0,10.6562794,0,0,0,15.50472903,0,5.012359881,0,8.228303263,7.503831665,0,11.19263289,0,0,8.634586969,0,0,0,0
NRAS,Plasma membrane,0,0,0,0,0,0,4.039473203,0,0,0,0,8.050638142,0,0,0,0,0,0,0,0,0,0,0
NRP2,Plasma membrane,0,0,0,0,0,0,0,0,0,0,0,0,0,12.53335949,0,8.345400393,0,0,0,0,0,8.914340016,0
OSBPL3,Plasma membrane,0,0,0,0,0,0,0,0,0,0,0,0,0,0,0,0,0,0,0,0,0,0,9.246660832
PDIA6,Plasma membrane,0,0,0,0,0,0,0,0,11.38862027,0,0,0,9.147295541,10.60783732,0,8.442632191,11.59978114,8.627938454,0,0,0,0,9.36699651
PIEZO1,Plasma membrane,0,0,0,0,0,0,0,0,0,0,0,0,0,8.107400471,0,0,0,0,0,11.62687419,0,0,0
PLAU,Plasma membrane,0,8.495302269,0,0,0,0,0,0,0,0,0,0,0,0,0,0,0,0,0,0,0,0,0
PTPN2,Plasma membrane,0,0,0,0,0,0,0,0,0,0,0,0,0,0,0,13.00234958,0,0,0,0,0,0,0
QSOX2,Plasma membrane,0,0,0,0,0,0,0,0,0,0,0,10.93230982,0,0,0,0,0,0,0,0,0,0,0
RAB18,Plasma membrane,0,0,0,0,0,0,0,0,0,14.14838132,0,17.43696296,0,0,0,0,0,0,0,17.70356997,0,0,0
RALA,Plasma membrane,0,0,0,0,0,0,0,0,0,0,0,0,0,10.04047895,0,8.69601612,0,0,0,0,0,0,0
RALB,Plasma membrane,0,0,0,0,0,0,0,0,0,0,0,7.435874889,0,0,0,8.65840532,0,0,0,0,0,0,0
RGS2,Plasma membrane,13.79491209,9.877569323,9.524435708,0,0,0,0,0,0,0,0,0,0,0,0,0,0,0,0,0,0,0,0
RHOC,Plasma membrane,0,0,0,0,0,0,0,0,0,13.30151757,0,0,0,0,0,0,0,0,0,0,0,0,0
RHOG,Plasma membrane,10.03062139,0,0,0,9.338460834,0,0,0,0,9.522824903,0,12.1518703,0,13.65915365,0,9.246764451,9.287431213,0,0,11.97210492,0,8.848970319,0
RHOT1,Plasma membrane,0,0,0,0,0,0,0,0,0,0,6.849881606,0,0,7.682753347,0,0,0,0,0,9.072550631,0,0,0
RHOT2,Plasma membrane,0,0,0,0,0,0,0,0,0,0,0,0,0,8.25798068,0,0,0,0,0,0,0,0,0
RRAS,Plasma membrane,0,0,0,0,0,0,0,0,0,0,0,7.436339508,0,9.253859933,0,0,0,0,0,12.25781715,0,8.777106358,0
RRAS2,Plasma membrane,0,13.39738572,0,0,0,0,0,8.447733811,8.956078081,9.997000393,0,12.0521942,9.409515236,0,0,0,0,0,0,17.5701677,8.606916838,18.29195873,10.16365339
SCFD1,Plasma membrane,0,0,0,0,0,0,0,0,0,0,4.98587746,0,0,0,0,0,0,0,0,0,0,0,0
SELENOS,Plasma membrane,0,8.395816566,0,0,0,0,0,0,9.335606772,0,0,0,0,13.67983481,0,11.10787897,10.2533373,0,18.96586592,0,0,0,0
SLC12A9,Plasma membrane,0,0,0,0,17.37682698,0,0,0,0,0,0,0,0,0,0,0,0,0,0,0,0,0,0
SLC27A4,Plasma membrane,0,0,0,0,8.652524855,0,0,0,0,10.39942432,0,8.91725043,0,9.639293069,0,0,0,0,0,0,0,0,0
SLC44A1,Plasma membrane,0,0,0,0,16.18332579,0,0,0,0,0,0,0,10.44415551,0,0,0,0,0,17.09070268,0,0,0,0
SPINT2,Plasma membrane,0,0,0,0,0,0,0,0,0,9.763663829,0,0,0,8.174573074,0,0,12.28212454,0,7.780633448,0,0,0,0
STIM2,Plasma membrane,0,0,0,0,0,0,0,0,0,0,0,0,0,0,0,0,0,0,15.36453977,0,0,0,0
STX11,Plasma membrane,0,0,0,0,0,0,0,0,0,0,0,0,12.80515751,0,0,0,0,0,0,0,0,0,0
SUCLG2,Plasma membrane,0,0,0,0,0,0,0,0,0,11.37800603,0,8.056962314,0,0,0,0,0,0,0,0,0,0,0
TMED10,Plasma membrane,0,0,0,0,0,0,0,0,0,0,5.393713296,0,7.421351697,10.20312723,0,0,0,0,0,0,0,0,0
TMEM30B,Plasma membrane,0,0,0,0,13.50684895,0,0,0,0,0,0,0,0,0,0,0,0,0,0,0,0,0,0
TMX3,Plasma membrane,0,0,0,0,14.95018682,6.072800644,0,12.98705454,0,13.43204178,13.31882096,20.86370955,7.207755225,10.85332594,0,17.34912593,13.05610625,0,0,13.27819125,0,15.01584947,0
TRIM4,Plasma membrane,0,0,0,0,0,0,0,0,8.538681766,0,0,0,0,0,0,12.5738056,0,0,0,0,0,0,0
VDAC1,Plasma membrane,0,0,0,0,0,0,0,0,0,0,6.373268842,10.18979186,7.509625903,9.948685024,0,0,0,0,0,0,0,0,0
VMP1,Plasma membrane,0,0,8.642465261,9.551798727,0,0,0,0,7.930363297,0,0,0,0,8.277995187,0,0,0,7.895859845,0,0,0,0,0
WNT7A,Plasma membrane,0,0,0,0,8.298659401,0,0,0,0,0,0,0,0,0,0,0,0,0,0,0,0,0,0
YIPF3,Plasma membrane,0,0,0,0,8.27811499,0,4.320553713,0,0,0,5.330847931,0,0,0,0,0,9.498570157,0,0,0,0,19.62470008,0
YIPF4,Plasma membrane,0,0,0,0,0,0,0,0,0,0,0,6.61540134,0,0,0,0,0,8.258461894,0,0,0,0,0
ZDHHC20,Plasma membrane,0,0,0,0,0,0,0,0,0,0,0,0,0,0,0,0,0,0,0,0,0,0,6.111599701
ACAA2,Golgi apparatus-Vesicle-Exosome,0,0,0,0,0,0,0,0,0,0,0,6.218426036,0,0,0,0,0,0,0,9.59274987,0,0,6.42135137
ACOT13,Golgi apparatus-Vesicle-Exosome,0,0,0,0,0,0,0,0,0,13.18700106,0,0,0,9.817327757,0,0,9.135501475,0,0,13.85904394,0,0,0
ACSL4,Golgi apparatus-Vesicle-Exosome,0,0,0,0,0,0,0,0,0,0,0,0,0,0,0,0,0,0,0,0,0,11.60807186,0
AHCTF1,Golgi apparatus-Vesicle-Exosome,0,0,0,0,0,0,0,0,0,0,0,0,0,0,0,0,0,6.19489136,0,0,0,0,0
AKAP8,Golgi apparatus-Vesicle-Exosome,0,0,0,0,0,0,0,0,0,17.33253928,0,0,0,0,4.551633898,0,0,0,0,0,0,0,0
ALDH1L2,Golgi apparatus-Vesicle-Exosome,0,0,0,0,0,5.849059799,0,0,0,0,0,0,0,0,0,0,0,0,0,0,0,0,0
APMAP,Golgi apparatus-Vesicle-Exosome,13.26445589,0,0,0,0,0,0,0,8.361526092,9.809408723,5.202474476,14.39964226,0,8.273539623,0,0,0,0,0,0,0,0,0
ARFRP1,Golgi apparatus-Vesicle-Exosome,0,0,0,0,0,0,0,0,0,0,0,0,0,0,0,0,0,9.005921158,0,0,0,0,0
AUP1,Golgi apparatus-Vesicle-Exosome,9.106966852,0,0,0,13.70504277,0,0,0,0,9.215757027,16.6913238,13.15407421,0,12.43026569,0,9.33941095,10.79900395,0,7.484853745,0,0,13.98241912,0
B3GAT3,Golgi apparatus-Vesicle-Exosome,0,0,0,0,0,0,0,0,0,0,8.33092766,10.47287514,0,10.7887493,0,9.393072797,10.17502544,0,0,0,0,0,0
B4GALT4,Golgi apparatus-Vesicle-Exosome,0,0,0,0,8.498436068,0,0,0,0,19.53955386,7.433495759,11.91458797,0,0,0,8.953314906,9.449832345,0,0,0,0,0,0
CACTIN,Golgi apparatus-Vesicle-Exosome,0,0,0,0,0,0,0,0,0,0,0,0,0,0,0,0,0,0,0,0,0,0,8.196715012
CALU,Golgi apparatus-Vesicle-Exosome,0,0,0,0,0,0,0,0,0,12.01507983,0,0,0,0,0,0,0,0,0,0,0,0,0
CANX,Golgi apparatus-Vesicle-Exosome,0,0,0,0,0,0,0,0,9.783872778,0,7.944526602,8.815489858,9.702832263,0,0,0,0,0,9.276163399,0,0,0,6.803785072
CAPN5,Golgi apparatus-Vesicle-Exosome,0,0,0,0,0,0,0,0,0,0,0,0,0,0,0,15.37375599,10.89065278,0,0,0,0,0,0
CHCHD3,Golgi apparatus-Vesicle-Exosome,0,0,0,0,0,0,0,0,7.742203743,22.90507436,0,14.18689007,8.42227488,11.45932681,0,9.840102788,9.25997934,0,7.575243772,11.70714974,0,0,0
CHPT1,Golgi apparatus-Vesicle-Exosome,0,0,0,0,0,0,0,0,0,0,0,6.874029753,0,15.51383066,0,34.13446553,0,0,0,10.91239239,0,11.47701373,0
CHST11,Golgi apparatus-Vesicle-Exosome,0,0,0,0,0,0,0,0,0,0,0,0,0,0,0,0,0,0,0,18.10450405,0,0,0
CHST14,Golgi apparatus-Vesicle-Exosome,0,0,0,0,10.7227473,0,0,0,0,0,0,0,0,0,0,0,0,0,7.516267236,0,0,0,0
CHST4,Golgi apparatus-Vesicle-Exosome,0,0,0,0,14.31045791,0,0,0,0,0,0,0,0,0,0,0,0,0,0,0,0,0,0
CLU,Golgi apparatus-Vesicle-Exosome,0,0,0,0,11.24857056,0,0,0,0,24.83245398,0,11.40955627,0,0,7.387180533,0,8.800579062,0,0,11.62781647,0,0,0
COX4I1,Golgi apparatus-Vesicle-Exosome,0,0,0,0,0,0,0,0,0,15.77989513,0,8.030299692,0,14.09812873,0,0,0,0,9.554596902,0,0,0,0
COX5A,Golgi apparatus-Vesicle-Exosome,0,0,0,0,0,0,0,0,0,9.91601398,0,0,0,7.875025086,0,0,0,0,0,0,0,0,0
CSRP1,Golgi apparatus-Vesicle-Exosome,0,0,0,0,0,0,5.006945413,0,0,0,0,0,0,0,0,0,0,0,0,0,0,0,0
CUX1,Golgi apparatus-Vesicle-Exosome,0,0,0,0,8.535173459,0,0,0,0,0,0,0,0,0,0,0,0,0,0,0,0,0,0
DNAJC3,Golgi apparatus-Vesicle-Exosome,0,0,0,0,15.46190194,0,0,0,10.45876332,0,4.860786388,0,25.2982528,0,0,0,0,0,9.027834962,0,0,0,0
EI24,Golgi apparatus-Vesicle-Exosome,0,0,0,0,10.83692234,0,0,0,0,0,7.019123693,17.71954553,0,0,0,0,0,0,0,0,0,0,0
ERGIC1,Golgi apparatus-Vesicle-Exosome,0,0,0,0,0,0,0,0,7.14819451,0,0,0,9.747560611,12.40015529,0,12.58815462,17.26594007,0,0,0,0,8.965405135,0
ERGIC3,Golgi apparatus-Vesicle-Exosome,0,0,0,0,9.88179982,0,0,0,0,0,4.500708523,0,8.869360937,0,0,0,0,0,0,0,0,0,0
ETFA,Golgi apparatus-Vesicle-Exosome,0,0,0,0,0,0,0,0,0,18.04416067,0,0,0,0,0,0,0,0,0,0,0,0,0
ETFB,Golgi apparatus-Vesicle-Exosome,0,0,0,0,0,0,0,0,0,14.32749318,0,0,0,0,0,0,0,0,0,0,0,0,0
FAM162A,Golgi apparatus-Vesicle-Exosome,0,0,0,0,0,0,0,0,0,0,0,0,0,10.85137443,0,0,0,0,0,0,7.896127095,8.489585911,0
FAM20B,Golgi apparatus-Vesicle-Exosome,0,0,0,0,0,0,0,0,0,0,0,0,0,8.146743339,0,0,0,0,0,0,0,0,0
FAM234A,Golgi apparatus-Vesicle-Exosome,0,0,0,0,0,0,0,0,0,0,13.31392233,0,0,0,0,0,0,0,0,0,0,0,0
FH,Golgi apparatus-Vesicle-Exosome,0,0,8.577199311,0,0,0,0,0,0,0,0,0,0,0,0,0,0,0,0,0,0,8.659501727,6.41141786
GAL3ST2,Golgi apparatus-Vesicle-Exosome,0,0,0,0,15.20941563,0,0,0,21.4727847,0,0,0,18.22769224,9.123872547,0,8.445704858,10.96330741,0,10.53951511,9.80305321,7.955514703,0,7.751836477
GALNT2,Golgi apparatus-Vesicle-Exosome,0,0,0,0,0,0,0,0,0,0,0,7.649877242,0,8.593030968,0,0,0,0,0,0,0,0,0
GALNT3,Golgi apparatus-Vesicle-Exosome,0,0,0,0,0,0,0,0,0,0,0,0,0,8.817973398,0,0,0,0,0,0,0,0,0
GHITM,Golgi apparatus-Vesicle-Exosome,0,0,0,0,0,0,0,0,0,0,0,0,0,8.783434952,0,0,0,0,0,0,0,8.865861161,0
GLT8D1,Golgi apparatus-Vesicle-Exosome,0,0,0,0,17.83558516,0,0,0,0,14.42994245,7.858794292,16.22090655,16.21176659,19.88791004,0,0,0,0,13.14233632,28.09880705,0,15.08637307,0
GLTP,Golgi apparatus-Vesicle-Exosome,0,0,0,0,8.917692411,0,0,0,0,8.423385222,0,0,0,8.777923177,0,0,11.35943006,0,0,0,0,0,0
GOLGA5,Golgi apparatus-Vesicle-Exosome,0,0,0,0,10.81621592,0,0,0,0,0,0,8.568089699,0,0,0,0,0,0,0,0,0,0,0
GORASP2,Golgi apparatus-Vesicle-Exosome,0,0,0,0,0,0,0,0,0,9.658925848,5.003604266,0,0,0,0,0,0,0,0,0,0,0,0
GPR180,Golgi apparatus-Vesicle-Exosome,0,0,0,0,0,0,0,0,0,9.103955151,0,0,0,0,0,0,0,0,0,0,0,0,0
GPX1,Golgi apparatus-Vesicle-Exosome,11.20353726,0,0,0,0,0,0,0,0,0,0,0,0,0,0,0,0,0,0,0,0,0,0
HSPA2,Golgi apparatus-Vesicle-Exosome,0,0,0,0,0,0,0,0,0,0,0,0,0,0,0,0,0,0,0,0,0,15.4214841,0
IDH2,Golgi apparatus-Vesicle-Exosome,0,0,0,0,0,0,0,0,0,10.23750936,0,0,0,0,0,0,0,0,0,0,0,0,0
ITFG1,Golgi apparatus-Vesicle-Exosome,0,0,0,0,8.84717938,0,0,0,14.22470329,0,5.001480386,0,23.63773596,24.70271791,0,0,0,0,33.46934305,0,0,0,0
LPCAT2,Golgi apparatus-Vesicle-Exosome,0,0,0,10.83979204,0,0,0,0,0,0,0,0,0,0,0,0,0,0,0,0,0,0,0
METTL7A,Golgi apparatus-Vesicle-Exosome,0,0,0,5.579008587,22.19948355,6.545348724,0,0,7.50147376,9.636037046,0,11.76187747,0,10.52149977,0,13.20412874,12.13033256,0,0,9.480441618,0,12.10758412,0
MFSD10,Golgi apparatus-Vesicle-Exosome,0,0,0,0,0,0,0,0,0,0,0,0,0,12.69701575,0,10.36766748,0,0,0,0,0,0,0
MGAT1,Golgi apparatus-Vesicle-Exosome,0,0,0,0,0,0,0,0,0,9.796354449,0,0,0,12.19555201,0,0,0,0,0,0,0,0,0
MGAT4B,Golgi apparatus-Vesicle-Exosome,0,0,0,0,8.038390116,0,0,0,0,0,0,0,0,0,0,0,0,0,0,0,0,0,0
NDUFA13,Golgi apparatus-Vesicle-Exosome,0,0,0,0,0,0,0,0,0,0,0,0,0,0,0,0,0,0,7.093481429,0,0,0,0
NDUFB10,Golgi apparatus-Vesicle-Exosome,0,0,0,0,0,0,0,0,0,8.665330731,0,0,0,8.712166937,0,0,0,0,0,8.858646763,0,0,0
PDIA3,Golgi apparatus-Vesicle-Exosome,0,0,0,0,0,0,0,0,7.833552303,0,0,0,9.163417346,0,0,0,0,0,7.685858982,0,0,0,0
PGRMC1,Golgi apparatus-Vesicle-Exosome,0,0,0,0,0,0,0,0,0,11.02191479,4.772393098,8.094649249,0,8.432884038,0,0,0,0,0,0,0,0,0
PHB2,Golgi apparatus-Vesicle-Exosome,0,0,0,0,0,0,0,0,0,0,6.548495181,0,0,0,0,0,0,0,0,8.866918246,0,0,0
PKMYT1,Golgi apparatus-Vesicle-Exosome,0,0,0,0,0,0,0,0,0,0,0,0,0,10.83798153,0,11.65942489,0,0,9.722881091,0,0,0,0
PNPLA8,Golgi apparatus-Vesicle-Exosome,0,0,0,0,0,0,0,0,0,0,0,0,0,14.71969257,0,0,0,0,0,0,0,0,0
PPA1,Golgi apparatus-Vesicle-Exosome,0,0,0,0,0,0,4.919539096,0,0,0,0,0,0,0,0,0,0,0,0,0,0,0,0
PPA2,Golgi apparatus-Vesicle-Exosome,0,0,0,0,0,7.493309117,0,0,0,0,0,0,0,0,0,0,0,0,0,0,0,9.500481256,9.316207379
PPP1CB,Golgi apparatus-Vesicle-Exosome,0,0,0,0,0,0,0,0,0,0,0,0,0,0,0,0,0,0,0,0,0,13.91335137,0
PREB,Golgi apparatus-Vesicle-Exosome,0,0,0,0,8.835627161,0,0,0,0,10.77700057,0,0,0,9.068895473,0,0,9.651612313,0,0,0,0,11.91545682,0
RAB1B,Golgi apparatus-Vesicle-Exosome,0,0,0,0,0,0,0,0,0,0,0,0,0,9.400389115,0,0,0,0,0,0,0,0,0
RAB25,Golgi apparatus-Vesicle-Exosome,0,0,0,0,0,0,0,0,0,24.48877173,0,0,0,12.06651892,0,9.372130249,0,0,0,16.62329715,0,0,0
RNF149,Golgi apparatus-Vesicle-Exosome,0,0,0,0,0,0,0,0,7.408872576,0,0,0,0,0,0,12.05515253,0,0,0,0,0,0,0
SACM1L,Golgi apparatus-Vesicle-Exosome,0,0,0,0,0,0,0,0,0,0,0,0,0,0,0,0,0,0,0,0,0,11.87767575,0
SAMM50,Golgi apparatus-Vesicle-Exosome,0,0,0,0,0,0,0,0,0,0,0,0,0,13.91397702,0,11.50540101,0,0,0,0,0,10.0265728,0
SEC11A,Golgi apparatus-Vesicle-Exosome,0,10.75571457,0,0,11.22846903,0,0,0,14.35311891,0,0,0,13.82281263,8.058340134,0,19.85707558,13.61895053,12.78736367,13.89439733,12.91666558,10.32260339,16.2223183,6.202490943
SEC22B,Golgi apparatus-Vesicle-Exosome,0,0,0,0,0,0,0,0,0,9.266283186,0,7.847577967,0,11.84694329,0,0,0,0,0,0,0,0,0
SLC25A1,Golgi apparatus-Vesicle-Exosome,10.21694735,16.11413923,13.89501419,0,16.4273061,6.37922644,0,15.19854745,0,11.71213756,5.674521794,7.20415758,13.43753216,13.29103519,10.36049702,13.68022811,12.54969442,9.064151732,13.50951031,10.61103363,13.47147618,10.72605932,7.69978476
SLC25A25,Golgi apparatus-Vesicle-Exosome,0,10.70914098,0,0,0,0,0,0,0,0,0,0,0,0,0,0,0,0,0,12.7750953,0,0,0
SLC35A2,Golgi apparatus-Vesicle-Exosome,0,0,0,0,8.459584359,0,0,0,0,0,0,0,0,0,0,0,0,0,0,0,0,0,0
SLC35B2,Golgi apparatus-Vesicle-Exosome,0,0,0,0,0,0,0,0,0,0,0,0,7.092656004,0,0,0,0,0,0,0,0,0,0
SMPD4,Golgi apparatus-Vesicle-Exosome,0,0,0,0,9.07522187,0,0,0,0,16.88307568,4.904791547,7.098300223,0,8.791209526,0,0,0,0,0,8.895234146,0,0,0
SPINK5,Golgi apparatus-Vesicle-Exosome,0,0,0,8.027455144,0,6.48642378,0,0,0,0,0,0,0,0,0,0,0,0,0,0,0,0,0
SPNS1,Golgi apparatus-Vesicle-Exosome,0,0,0,0,8.254503545,0,0,0,0,18.42332842,0,0,0,11.37324635,0,0,0,0,7.504650235,14.55775527,0,8.071987627,0
SSR4,Golgi apparatus-Vesicle-Exosome,0,0,0,0,8.158339288,0,0,0,0,14.7179543,0,7.877648712,0,11.63405862,0,9.993684024,9.006784302,0,7.112605848,15.14169772,9.462745833,0,0
ST3GAL2,Golgi apparatus-Vesicle-Exosome,0,0,0,0,0,0,0,0,0,0,0,0,0,11.01385697,0,0,0,0,0,0,0,0,0
ST6GAL1,Golgi apparatus-Vesicle-Exosome,0,0,0,0,10.08910769,0,0,0,0,0,0,0,0,0,0,0,0,0,6.599139764,0,0,0,7.115604266
STX16,Golgi apparatus-Vesicle-Exosome,0,0,0,0,0,0,0,0,0,10.56223375,0,0,0,0,0,8.271990532,0,0,0,0,0,0,0
STX17,Golgi apparatus-Vesicle-Exosome,0,0,0,0,0,0,0,0,0,16.54146546,0,7.281930665,0,0,0,0,0,0,0,15.88501807,0,0,0
SUCLA2,Golgi apparatus-Vesicle-Exosome,0,0,0,0,0,0,0,0,0,10.29899365,0,0,0,0,0,0,0,0,0,0,0,0,0
SURF4,Golgi apparatus-Vesicle-Exosome,0,0,0,0,0,0,0,0,0,0,0,0,0,0,0,0,0,0,0,0,0,11.86750273,0
TAX1BP1,Golgi apparatus-Vesicle-Exosome,0,0,0,0,0,0,0,0,8.629104275,0,0,0,8.672313856,0,0,0,9.878537007,0,8.536260995,0,0,8.536005741,10.47272213
TEX264,Golgi apparatus-Vesicle-Exosome,0,0,0,0,0,0,0,0,0,8.585040043,0,11.06885818,0,13.07907574,0,0,0,0,0,0,0,0,0
TMC4,Golgi apparatus-Vesicle-Exosome,0,0,0,0,9.529819139,0,0,0,0,0,0,0,0,9.53722643,0,0,0,0,0,0,0,11.01402071,0
TMCO1,Golgi apparatus-Vesicle-Exosome,11.39684192,0,0,0,9.121741498,0,0,0,0,0,0,0,0,10.6476094,0,8.902537501,10.28990047,0,9.863208273,0,0,0,0
TMED9,Golgi apparatus-Vesicle-Exosome,0,0,0,0,9.795386,0,0,0,0,0,0,0,0,0,0,0,0,0,0,0,0,0,0
TMEM199,Golgi apparatus-Vesicle-Exosome,0,0,0,0,0,0,0,0,0,0,0,0,0,0,0,13.98627946,0,0,0,0,0,0,0
TMEM214,Golgi apparatus-Vesicle-Exosome,0,0,0,0,0,0,0,0,0,0,0,0,0,0,0,9.29993437,0,0,0,0,0,0,0
TMEM33,Golgi apparatus-Vesicle-Exosome,0,9.230579385,7.922181414,0,14.04277066,5.705656833,0,10.41729796,0,13.62619674,0,11.86068797,0,14.65466882,0,14.13221628,10.2499656,0,10.69803511,9.202855899,8.59832494,11.38687772,0
TOMM40,Golgi apparatus-Vesicle-Exosome,0,0,0,0,0,0,0,0,0,0,0,0,6.605330594,0,0,0,0,0,0,0,0,0,0
TOMM70,Golgi apparatus-Vesicle-Exosome,0,0,0,0,0,0,0,0,0,0,0,0,0,7.751241593,0,0,0,0,0,0,0,0,0
UGGT1,Golgi apparatus-Vesicle-Exosome,0,0,0,7.402508007,9.524345866,7.181786748,0,0,10.66221418,0,10.42588512,8.18149198,10.18922518,0,0,10.29309759,0,0,0,0,0,0,0
UQCRC2,Golgi apparatus-Vesicle-Exosome,0,0,0,0,0,0,0,0,0,0,0,0,8.401934735,12.74514806,0,0,10.79289804,0,8.058206403,9.688980124,8.20585928,11.97367082,0
VCP,Golgi apparatus-Vesicle-Exosome,0,0,0,0,0,0,0,0,9.536569902,0,0,0,0,0,0,0,0,0,0,0,0,13.21581486,8.340811743
VDAC2,Golgi apparatus-Vesicle-Exosome,0,0,0,0,0,0,0,10.36383676,7.880342092,0,5.63066245,10.65787323,12.13649616,13.49861432,8.055436798,9.213410276,10.02431721,0,8.454847659,14.17453192,9.084717768,11.35694808,0
VDAC3,Golgi apparatus-Vesicle-Exosome,0,0,0,0,0,0,0,0,0,0,0,0,0,0,0,0,0,0,10.82919058,0,0,0,0
ZDHHC13,Golgi apparatus-Vesicle-Exosome,9.629717985,0,0,0,0,0,0,0,0,0,0,0,0,8.22754725,0,9.662653887,0,0,0,0,0,0,0
ZFPL1,Golgi apparatus-Vesicle-Exosome,0,0,0,0,0,0,0,0,7.974159613,0,7.175383544,7.311846562,7.994583539,9.384978294,0,0,0,0,0,9.925641306,9.290724339,10.80935392,10.51934747
ZMPSTE24,Golgi apparatus-Vesicle-Exosome,0,0,0,0,0,0,0,0,0,0,0,0,0,8.839250293,0,0,0,0,0,0,0,0,0
AGPAT1,Endoplasmic reticulum,0,0,0,0,0,0,0,0,0,0,0,0,0,7.51415021,0,0,0,0,0,0,0,0,0
AGPAT2,Endoplasmic reticulum,0,0,0,0,0,0,0,0,0,0,0,8.332048553,0,10.92668256,0,0,0,0,0,0,0,9.502138955,0
AGPAT4,Endoplasmic reticulum,0,0,0,0,9.883343422,0,0,0,0,0,0,14.42252499,0,13.27383054,0,0,0,0,0,0,0,9.540960508,0
ALG1,Endoplasmic reticulum,0,0,0,0,0,0,0,0,0,0,0,7.768660327,0,0,0,0,0,0,0,9.022931491,0,0,0
ALG2,Endoplasmic reticulum,0,0,0,0,0,0,0,0,0,0,7.67566138,0,0,0,0,0,12.17008864,0,0,10.68042524,11.08531872,12.36642164,11.7201207
ALG5,Endoplasmic reticulum,0,0,0,0,9.423441136,0,0,0,8.703888342,17.62689332,7.484495747,13.95234718,0,11.47574038,0,12.77483036,12.49198287,0,0,12.59134793,0,11.39739588,0
AMFR,Endoplasmic reticulum,0,0,0,0,0,0,0,0,0,10.48777746,5.623862782,0,0,12.62805227,12.31539549,8.911109404,0,0,0,18.65538481,0,19.69275137,0
ANKLE2,Endoplasmic reticulum,0,0,0,0,0,0,0,0,0,0,0,0,0,0,0,0,0,0,0,0,0,8.923976669,0
ATL2,Endoplasmic reticulum,9.916568403,0,0,0,0,0,0,0,0,28.30686671,0,0,0,0,0,0,0,0,0,0,0,0,0
ATL3,Endoplasmic reticulum,0,0,0,0,0,0,0,0,0,13.99896272,0,11.68379099,0,0,0,0,0,0,0,0,0,0,0
CAMLG,Endoplasmic reticulum,0,0,0,0,0,0,0,0,0,0,0,0,0,7.935680164,0,0,0,0,0,0,0,0,0
CCDC47,Endoplasmic reticulum,0,0,0,0,0,0,0,0,0,9.843666715,0,8.055973345,0,0,0,0,0,0,0,0,0,0,0
CDKAL1,Endoplasmic reticulum,0,0,0,0,0,0,0,0,0,8.49473784,4.829805086,6.322923843,0,9.890714667,0,8.918482635,0,0,7.80353557,0,0,0,0
CEPT1,Endoplasmic reticulum,0,0,0,0,0,0,0,0,0,0,0,11.3620814,16.44687312,0,0,0,0,0,19.2468768,0,0,13.00104416,0
CERS2,Endoplasmic reticulum,0,0,0,0,11.33585936,0,0,0,0,0,0,7.542261394,0,9.355286776,0,8.728468414,0,0,0,0,0,0,0
CERS3,Endoplasmic reticulum,15.66063327,0,0,0,0,0,0,0,0,0,0,0,0,0,0,0,0,0,0,0,0,0,0
CISD2,Endoplasmic reticulum,11.04127475,11.12029211,8.25554413,9.000808024,0,0,0,0,0,0,0,0,0,0,0,0,0,0,10.12046852,0,8.487279747,0,7.441103492
CYP1A1,Endoplasmic reticulum,0,0,0,0,0,0,0,0,0,0,0,0,0,0,0,0,8.923213749,0,0,0,0,0,0
DDOST,Endoplasmic reticulum,0,0,0,0,8.447144506,0,0,0,0,0,4.947898562,0,0,13.90085276,0,0,0,0,0,0,0,0,0
DEGS2,Endoplasmic reticulum,0,0,0,0,0,0,0,0,0,9.842459711,0,0,0,0,0,0,0,0,0,0,0,0,0
DGAT1,Endoplasmic reticulum,12.1044943,0,0,0,0,0,0,0,7.790999852,0,0,0,0,0,0,0,0,0,0,9.088800662,0,0,5.996560357
DHCR7,Endoplasmic reticulum,11.40551172,0,0,0,11.73045009,0,0,0,0,12.48879,0,0,0,12.12957978,0,0,0,0,7.622993158,0,0,0,0
DHDDS,Endoplasmic reticulum,0,0,0,0,0,0,0,0,0,0,0,0,0,0,0,11.59702858,0,0,6.661624138,0,0,0,0
DHRS7B,Endoplasmic reticulum,8.876608554,0,8.767621087,0,0,0,0,0,0,8.568081228,0,0,8.783661708,8.527855091,0,0,0,0,11.23003291,0,0,13.06869281,10.19104319
DNAJB11,Endoplasmic reticulum,0,0,0,0,11.16783983,0,0,0,0,13.80624613,0,11.13564809,0,0,0,0,0,0,0,9.635713229,0,0,0
DNAJC10,Endoplasmic reticulum,0,0,0,0,0,7.628184252,0,0,0,0,0,0,0,0,0,0,0,0,0,0,0,0,0
DPM1,Endoplasmic reticulum,0,0,0,0,0,0,0,0,0,17.6342668,0,0,0,0,0,0,0,0,0,0,0,0,0
ERLEC1,Endoplasmic reticulum,0,0,0,0,0,0,0,0,0,0,0,0,6.520847727,0,0,0,0,0,0,0,0,0,0
ERLIN1,Endoplasmic reticulum,0,0,0,0,0,0,0,0,0,0,0,0,0,0,0,0,0,0,7.429757112,0,0,0,0
ERMP1,Endoplasmic reticulum,0,0,0,0,8.806947987,0,0,0,0,0,0,0,7.811451237,8.929642097,0,0,0,0,6.923119363,0,0,0,0
ERN1,Endoplasmic reticulum,0,8.304458271,0,0,0,0,0,0,12.19668084,8.925576117,0,0,11.34039558,0,0,17.11373572,12.42442772,0,0,13.70387157,10.86459237,14.35653954,11.46759272
FA2H,Endoplasmic reticulum,0,0,0,0,0,0,0,0,0,9.472182397,0,0,0,0,0,0,0,0,0,0,0,0,0
FADS1,Endoplasmic reticulum,0,0,0,0,0,0,0,0,0,9.901357556,0,0,0,10.95594559,0,0,0,0,0,0,0,0,0
FADS3,Endoplasmic reticulum,9.75289236,13.81123095,0,0,0,0,0,0,9.319112036,15.63463879,5.871092438,10.8379853,9.005612523,11.37660292,0,11.30482137,9.745543637,0,6.957444694,13.02050726,0,12.97366908,7.415429534
FAF2,Endoplasmic reticulum,0,0,0,0,12.54364614,0,0,14.31920488,13.06783679,9.248235078,11.12812294,11.65570228,13.20655762,14.60272209,5.177220587,15.25002426,16.56565577,0,10.9384855,15.17808799,9.061483418,12.55840362,10.74102854
FAR2,Endoplasmic reticulum,0,0,0,0,0,0,0,0,0,13.45687001,0,0,0,7.917421358,0,0,0,0,0,0,0,0,0
FDFT1,Endoplasmic reticulum,0,0,0,0,0,0,0,0,0,0,0,0,0,14.81794335,0,0,0,0,11.08127489,0,0,0,0
FKBP10,Endoplasmic reticulum,0,0,0,0,0,0,0,0,7.131515011,0,0,0,0,0,0,0,0,0,0,0,0,0,0
FKBP11,Endoplasmic reticulum,0,0,0,0,0,0,0,0,0,0,0,0,0,10.17940628,0,8.30686511,0,0,0,0,0,0,0
GPAA1,Endoplasmic reticulum,0,0,0,0,18.37147737,0,4.380194463,0,14.11606583,0,6.212794438,13.9303943,8.601989455,0,0,0,0,0,0,0,0,0,0
GPAT3,Endoplasmic reticulum,0,0,0,0,0,0,0,0,0,8.65369656,6.46898303,6.758054921,0,13.92916212,0,9.777868813,13.71584086,0,0,18.88572205,14.59015586,19.76105991,9.08214212
GPAT4,Endoplasmic reticulum,0,0,0,0,0,0,0,0,0,0,0,0,0,12.06218877,0,0,0,0,0,0,0,16.88991415,0
GPX8,Endoplasmic reticulum,11.50069238,0,0,0,21.29981085,0,0,0,13.41696073,12.96882924,9.68487636,11.54818713,11.12094503,18.04556056,0,16.81124214,15.9297723,0,12.98212806,13.91924325,11.50819969,20.14206618,8.465925569
HERPUD1,Endoplasmic reticulum,0,0,0,0,0,0,0,0,0,13.69120382,0,0,0,0,0,0,0,0,0,0,0,0,0
HSD17B12,Endoplasmic reticulum,0,0,0,0,7.731762909,0,0,0,0,17.30899105,0,10.16162243,0,0,0,0,0,0,0,0,0,8.536076448,0
HSD3B7,Endoplasmic reticulum,0,0,0,0,0,0,0,0,11.16514581,9.183938075,10.31830385,12.18916697,9.603095222,19.08378583,0,35.43589909,28.57124173,0,0,0,0,10.06134923,8.406591985
JAGN1,Endoplasmic reticulum,0,0,0,0,0,0,0,0,0,0,0,0,6.910749582,0,0,0,0,0,0,0,0,0,0
LBR,Endoplasmic reticulum,13.61537174,0,0,0,19.97423219,5.995072192,0,14.00036832,0,12.5592605,9.866861474,9.893735384,8.193872044,8.782162389,6.945022706,13.15727965,9.723714567,0,10.75728056,11.52405374,0,9.579541778,0
LCLAT1,Endoplasmic reticulum,0,0,0,0,0,0,0,0,7.171058753,0,0,0,0,0,0,9.893074552,0,0,0,0,0,0,0
LNPK,Endoplasmic reticulum,0,0,0,0,0,0,0,0,0,9.548747769,0,0,0,10.83756563,0,11.29404476,9.040943518,0,0,0,0,0,0
LPCAT4,Endoplasmic reticulum,0,9.089284582,0,0,0,0,0,0,0,9.083663091,0,0,0,0,5.142512501,0,0,0,0,0,0,0,0
LPGAT1,Endoplasmic reticulum,9.703688519,0,0,0,0,0,0,0,0,8.749599392,0,7.643848276,14.33709488,12.84935108,0,20.04430687,12.82526848,0,18.01741994,9.953459821,0,20.71957524,0
MBOAT7,Endoplasmic reticulum,0,0,0,0,0,0,0,0,0,0,0,0,8.36547646,0,0,9.270242378,0,0,9.619197825,0,0,0,0
MLEC,Endoplasmic reticulum,0,0,0,0,0,0,0,0,7.956166979,0,0,0,7.765763268,23.30269706,0,10.41105537,12.45160009,0,8.939923477,0,0,11.92989008,0
NCLN,Endoplasmic reticulum,0,0,0,0,10.36039687,0,0,0,0,11.46268035,0,10.67337598,0,7.880307616,0,0,0,0,0,8.936526605,0,0,0
OAS1,Endoplasmic reticulum,0,0,0,10.46080222,0,0,0,0,0,0,0,0,0,0,14.15852667,0,0,0,0,0,0,0,0
OAS2,Endoplasmic reticulum,0,0,0,5.545844962,21.34498911,0,0,12.69984384,0,12.20710158,0,11.73508117,0,14.01497906,5.158148215,0,0,0,0,0,0,0,0
OS9,Endoplasmic reticulum,0,0,0,0,0,0,0,0,0,0,0,0,7.268906171,0,0,0,0,0,0,0,0,0,0
OSBPL5,Endoplasmic reticulum,0,0,0,0,0,0,0,9.626725572,7.522832043,0,0,0,7.216248106,10.72875382,0,11.26109663,8.553858777,0,8.257915384,0,0,13.94507438,8.254138481
OSBPL8,Endoplasmic reticulum,0,8.389191223,0,0,0,0,0,0,11.01986842,0,0,0,8.411521514,18.57926336,4.926311082,14.018047,9.810334633,9.206163135,13.83581069,15.58155142,10.39024486,19.82319647,8.025027827
PEX3,Endoplasmic reticulum,0,0,0,0,0,0,0,0,0,0,0,0,0,0,0,0,0,0,0,0,0,10.23664864,0
PGS1,Endoplasmic reticulum,9.773343138,8.84595155,8.799257763,8.809429535,0,0,0,0,10.92533942,0,0,0,0,9.755022119,0,13.62981888,9.266405404,6.868384917,10.01261998,0,0,0,0
PIGG,Endoplasmic reticulum,0,0,0,0,0,0,0,0,0,0,0,0,0,9.363544108,0,0,0,0,0,0,0,0,0
PIGK,Endoplasmic reticulum,0,0,0,0,0,0,0,0,0,0,0,0,0,7.609155184,0,0,0,0,0,0,0,0,0
PIGO,Endoplasmic reticulum,10.25283383,0,0,0,13.57498752,0,0,0,0,0,0,0,0,0,0,8.549259312,0,0,0,0,0,0,0
PIGX,Endoplasmic reticulum,0,0,0,0,10.72718973,0,0,0,0,0,10.12425875,0,23.11681532,13.38404994,0,9.375533226,0,0,0,0,0,0,0
PNPLA6,Endoplasmic reticulum,0,0,0,0,0,0,0,0,0,0,0,6.328161161,0,0,0,0,0,0,0,13.41540526,0,0,0
PNPLA7,Endoplasmic reticulum,0,0,0,0,0,0,0,0,0,11.80956,0,0,0,0,0,0,0,0,0,0,0,8.728325609,8.751982175
POMT2,Endoplasmic reticulum,0,0,0,0,11.69465122,0,0,0,0,0,0,0,6.876134151,0,0,0,0,0,0,0,0,0,0
PRKCSH,Endoplasmic reticulum,0,0,0,0,0,0,0,0,8.478189557,0,0,0,0,0,0,0,0,0,0,0,0,0,0
PTDSS1,Endoplasmic reticulum,0,0,0,0,0,0,0,0,0,0,0,0,0,16.39738927,0,11.40725356,11.20779437,0,0,13.96204814,0,0,0
RDH14,Endoplasmic reticulum,0,0,0,0,0,0,0,0,0,0,6.69205029,0,8.689532501,0,0,14.6026046,12.48823422,0,0,0,27.88462594,8.532157665,28.92107817
RNF185,Endoplasmic reticulum,0,0,0,0,0,0,0,0,0,0,0,0,0,0,0,0,0,0,0,9.80347036,0,0,0
RNF5,Endoplasmic reticulum,0,0,0,0,12.88224885,0,5.372429496,11.56952367,0,16.20235922,9.883535936,17.9088379,0,0,9.802920347,0,0,0,0,0,0,10.22383241,0
RPN1,Endoplasmic reticulum,0,0,0,0,0,0,0,0,0,0,0,0,0,24.15469627,0,0,0,0,8.021461364,0,0,0,0
RPN2,Endoplasmic reticulum,0,0,0,0,0,0,0,0,0,0,4.665898928,0,0,10.42742655,0,0,0,0,0,0,0,0,0
SCD,Endoplasmic reticulum,0,0,0,0,0,0,0,0,0,0,0,0,0,12.66320674,0,0,0,0,16.05147034,0,0,0,0
SDF2,Endoplasmic reticulum,0,0,0,0,0,0,0,0,0,17.28326088,0,0,0,0,0,0,0,0,0,0,0,0,0
SDF2L1,Endoplasmic reticulum,0,0,0,0,7.731720552,0,0,0,0,0,0,0,0,0,0,0,0,0,0,0,0,0,0
SEC61B,Endoplasmic reticulum,0,0,0,0,0,0,0,0,7.808556489,0,0,0,0,10.19777406,0,8.548376605,0,0,0,0,0,0,0
SEC61G,Endoplasmic reticulum,0,0,0,0,0,0,4.156469256,9.087089027,8.486946142,8.189112923,0,0,10.75161218,0,0,11.51896571,0,0,0,0,0,0,7.022258444
SEL1L,Endoplasmic reticulum,0,0,0,0,11.33997358,0,0,0,0,0,0,10.7516998,8.941743044,0,0,0,0,0,0,0,0,8.446463841,0
SIL1,Endoplasmic reticulum,0,0,0,0,0,0,0,0,0,0,0,0,0,0,0,0,0,0,7.868422817,0,0,0,0
SPCS1,Endoplasmic reticulum,0,0,0,0,0,0,0,0,0,0,0,0,0,0,0,0,0,0,10.97051866,0,0,0,0
SPCS2,Endoplasmic reticulum,0,8.364446288,0,0,0,0,0,0,0,0,0,0,0,0,0,0,0,0,8.607055935,0,0,0,0
SPCS3,Endoplasmic reticulum,0,0,0,0,0,0,0,0,0,0,0,0,0,0,0,0,0,0,9.267798339,0,0,0,0
SQLE,Endoplasmic reticulum,0,0,0,0,0,0,0,0,0,0,0,0,0,7.640065997,0,0,0,0,0,0,0,0,0
SSR3,Endoplasmic reticulum,8.894140925,0,0,0,20.25438475,0,0,0,8.654359132,20.40320347,0,15.00590394,0,10.79250497,0,0,0,0,7.052056056,9.967449034,0,0,0
STT3A,Endoplasmic reticulum,0,0,0,0,7.778768249,0,0,0,0,0,4.718993,0,0,26.89654646,0,0,0,0,0,0,0,0,0
STT3B,Endoplasmic reticulum,0,0,0,0,8.488176664,0,0,0,0,0,6.872034538,0,0,0,0,0,0,0,0,0,0,0,0
TECR,Endoplasmic reticulum,0,0,0,0,13.91026586,0,0,0,0,24.44420932,6.857311721,11.26478317,0,14.2709556,0,10.81110199,10.41905061,0,9.714493591,11.91047195,0,14.06022005,6.71683421
TMX1,Endoplasmic reticulum,0,0,0,0,0,0,0,0,0,0,4.705524318,0,0,8.754931971,0,0,0,0,0,0,0,0,0
TOR1AIP2,Endoplasmic reticulum,0,0,0,0,0,0,0,0,0,8.673993751,0,0,0,0,0,0,0,0,0,0,0,0,0
TRAM1,Endoplasmic reticulum,0,0,0,0,20.08685635,0,0,0,0,8.524247602,0,24.7964834,0,22.22414068,0,0,0,0,0,0,0,0,0
TRIM59,Endoplasmic reticulum,0,0,0,0,0,0,0,0,13.04594801,0,0,0,6.632949965,0,7.633616299,0,0,0,0,0,0,0,0
TXNDC12,Endoplasmic reticulum,0,0,0,8.685447066,0,0,0,0,0,0,0,0,0,0,0,0,0,0,0,0,7.813818457,0,0
UBAC2,Endoplasmic reticulum,0,13.59467158,0,0,0,0,0,0,7.901297389,0,0,0,0,0,5.488035042,0,15.20838409,0,7.482295664,9.992326829,0,15.03071935,17.19710805
UBE2G2,Endoplasmic reticulum,0,0,0,0,8.242812236,0,0,0,0,0,9.656095105,11.00074453,0,13.67354536,0,0,0,0,9.228817624,0,0,26.81164359,0
UFSP2,Endoplasmic reticulum,0,0,0,0,0,0,0,0,0,0,0,0,0,12.98845106,0,0,0,0,0,0,0,0,0
USP19,Endoplasmic reticulum,0,0,0,0,0,0,0,0,0,0,5.970375388,0,0,0,0,0,0,0,0,0,0,0,0
VRK2,Endoplasmic reticulum,0,0,0,0,0,0,0,0,0,0,0,0,6.440866091,0,0,0,0,0,0,0,0,0,0
WFS1,Endoplasmic reticulum,0,0,0,0,0,0,0,0,0,0,0,10.45579863,0,0,0,0,0,0,0,0,0,0,0
ZDHHC6,Endoplasmic reticulum,0,11.35405187,0,0,0,0,0,8.338709677,0,0,0,0,0,0,0,16.26480957,13.69682516,0,0,0,0,11.67378993,0
ABCB10,Mitochondria,0,0,0,0,0,0,0,0,0,0,0,10.40879805,7.109588248,14.42004103,0,0,0,0,0,16.47623725,10.28140721,11.25245245,0
ABCB7,Mitochondria,0,0,0,0,0,0,0,0,0,11.08365729,0,8.850431635,0,0,0,0,0,0,0,0,0,0,0
ABCB8,Mitochondria,0,0,0,0,8.045549607,6.056836156,0,0,8.284410043,10.25682002,0,0,0,0,0,0,0,0,0,0,0,18.19254658,7.484019712
ABCD1,Mitochondria,0,0,0,0,0,0,0,0,0,8.251417036,0,0,0,0,0,0,0,0,0,0,0,0,0
ABCD3,Mitochondria,0,0,0,0,8.112650951,0,0,0,0,23.62337215,0,0,10.05997917,10.6575986,6.62328558,12.95200554,15.65393637,0,15.78033914,20.23410114,10.27981625,10.16968683,0
ACAD11,Mitochondria,0,0,0,0,0,0,0,0,0,10.22468712,0,8.726272321,0,0,0,0,0,0,0,0,0,0,0
ACAD9,Mitochondria,0,8.730425112,0,0,0,0,0,0,0,0,0,0,0,0,0,0,0,0,0,0,0,0,0
ACO2,Mitochondria,0,8.896258478,0,0,0,0,0,0,0,0,0,0,0,0,0,0,0,0,0,0,0,0,0
AFG3L2,Mitochondria,0,0,0,0,11.31632575,0,0,0,0,19.3221368,0,19.34007325,0,0,0,0,0,0,0,18.96710278,0,0,0
AIFM1,Mitochondria,0,0,0,0,0,0,0,0,0,0,0,10.06392915,0,0,0,0,0,0,0,0,0,0,0
AKAP1,Mitochondria,0,0,0,0,0,0,0,0,0,0,0,0,0,0,0,0,0,0,7.623691963,0,0,0,0
AMACR,Mitochondria,0,0,0,5.849173474,0,0,0,0,0,0,0,0,0,0,0,0,0,0,0,0,0,0,0
APOOL,Mitochondria,0,0,0,0,0,0,0,0,12.34084728,0,0,0,10.4056213,10.78775854,0,12.63507046,12.30053101,0,9.56397784,0,8.274988705,8.548774011,0
APOPT1,Mitochondria,0,0,0,0,0,0,0,0,0,0,0,0,0,0,0,0,0,0,9.826067193,0,0,0,0
ARMC1,Mitochondria,0,0,0,0,0,0,0,0,0,0,0,0,0,0,0,11.59261856,0,0,0,0,0,0,0
ATAD3A,Mitochondria,0,0,0,0,10.56839479,0,0,0,0,21.77624084,5.333172782,15.33544738,0,16.38453473,0,0,0,0,0,11.82818866,0,0,0
BAG5,Mitochondria,0,0,0,0,0,0,0,0,0,0,0,0,0,0,0,0,0,0,0,0,0,16.71209389,0
BDH1,Mitochondria,0,0,0,0,0,0,0,0,0,15.70472629,0,7.399852634,0,0,0,0,0,0,0,8.69656532,0,0,0
C15orf48,Mitochondria,0,0,0,0,0,0,0,0,0,14.96154356,0,0,0,13.64776412,0,15.71505188,11.09466909,0,0,0,0,12.56334389,0
CARS2,Mitochondria,0,8.57203862,0,0,0,0,0,0,0,0,0,0,0,0,0,0,0,0,0,0,0,0,0
CCDC51,Mitochondria,17.39519576,0,0,0,0,0,0,0,0,0,0,0,0,0,0,0,0,0,0,0,0,0,0
CDK5RAP1,Mitochondria,0,0,0,0,0,0,0,0,0,0,0,0,0,0,0,0,0,0,7.952113855,0,0,0,0
CLPB,Mitochondria,0,0,0,0,0,0,0,0,0,0,0,0,0,0,0,0,0,0,9.121481326,0,0,0,0
CLPP,Mitochondria,0,0,0,0,0,0,0,0,7.954935198,0,0,0,10.84965426,0,0,0,0,0,0,0,0,0,0
CLPX,Mitochondria,0,0,0,0,0,0,0,0,0,10.33245935,0,0,0,0,0,0,0,0,0,0,0,0,0
COA1,Mitochondria,0,0,0,0,0,0,0,0,0,0,0,0,0,0,0,10.7178692,0,0,0,0,0,10.22699436,0
COMTD1,Mitochondria,0,0,0,0,0,0,0,0,0,0,0,0,0,0,15.79929317,0,0,0,0,0,0,0,0
COX18,Mitochondria,0,0,0,0,9.444253367,0,0,0,0,0,0,11.62671911,0,0,0,0,0,0,0,18.1353413,0,0,0
COX7A2L,Mitochondria,0,0,0,0,0,0,0,0,0,0,0,0,0,0,0,0,0,0,11.74189683,0,0,0,0
CPT1A,Mitochondria,0,0,0,0,11.91831195,0,0,0,0,12.40673482,5.839636654,15.2053853,0,0,0,0,0,0,0,0,0,7.987759398,0
CYC1,Mitochondria,0,0,0,0,0,0,0,0,0,8.969643221,0,0,0,0,0,0,0,0,9.224833401,0,0,0,0
DARS2,Mitochondria,0,0,0,0,0,6.457921082,0,0,0,0,0,0,0,0,0,0,0,0,0,0,0,0,0
DBT,Mitochondria,0,0,0,0,0,0,0,0,7.242797808,0,0,0,0,0,0,0,0,0,0,0,0,0,0
DCAKD,Mitochondria,0,0,0,0,0,0,0,0,0,10.66791226,0,0,0,10.44857476,0,0,0,0,0,0,0,0,0
DHTKD1,Mitochondria,12.13889383,0,0,0,0,0,0,0,0,0,0,0,0,0,0,0,0,0,0,0,0,0,0
ECSIT,Mitochondria,0,0,0,0,0,0,0,0,0,0,0,8.477446993,0,0,0,0,0,0,0,0,0,0,0
ETHE1,Mitochondria,0,0,0,0,0,0,0,0,0,0,0,0,0,0,4.925684858,0,0,9.788610223,0,0,0,0,8.692505748
FASTKD5,Mitochondria,0,0,0,0,0,0,0,0,0,8.729529364,0,8.696095066,0,0,0,0,0,0,9.5957808,0,0,0,0
FPGS,Mitochondria,0,0,0,0,0,0,0,0,0,0,0,0,0,0,0,0,0,0,9.664942157,0,0,0,0
GRPEL1,Mitochondria,0,0,0,0,0,0,0,0,0,0,0,0,6.281944099,0,0,0,0,0,0,0,0,0,0
HARS2,Mitochondria,0,0,0,0,0,0,0,0,0,0,0,0,0,0,0,0,0,0,0,8.772844442,0,0,0
HEATR1,Mitochondria,0,0,0,0,9.207825903,0,0,0,0,0,0,7.754637271,0,0,0,0,0,0,0,0,0,0,0
HSCB,Mitochondria,0,0,0,0,0,0,0,0,0,0,0,0,0,0,0,9.215996697,0,0,0,0,0,0,0
IMMT,Mitochondria,0,0,0,0,0,0,0,0,8.154930328,21.93730789,6.461407291,13.4469706,8.664686559,13.15760388,7.21400414,11.37796393,9.735099722,0,7.60384704,9.861693922,0,8.12087572,0
MAIP1,Mitochondria,0,0,0,0,0,0,0,0,0,0,0,0,0,0,0,0,0,0,0,11.93966025,0,0,0
MCL1,Mitochondria,0,0,0,0,0,0,0,0,8.008762372,0,0,0,0,0,0,9.876087759,0,0,0,0,0,0,0
MCU,Mitochondria,0,0,0,0,0,0,0,0,11.35014834,0,0,0,10.25512531,0,0,19.86706505,14.14297948,0,13.60481865,14.87930044,10.42139351,24.37021693,13.88977198
METTL17,Mitochondria,0,0,0,0,0,0,0,0,0,0,0,0,0,0,0,0,0,0,0,0,0,0,7.460229114
MTX1,Mitochondria,0,0,0,0,0,0,0,0,0,10.95634167,0,6.51581628,0,0,0,0,0,0,0,0,0,0,0
NDUFA9,Mitochondria,0,0,0,0,0,0,0,0,7.908952425,20.98782999,0,0,13.51457034,15.42442347,10.60978494,8.32012307,13.55180301,0,16.15283756,13.58443732,0,13.16607399,0
NDUFAF1,Mitochondria,0,0,0,0,0,0,0,0,0,0,0,11.76085783,0,0,0,0,0,0,0,0,0,0,0
NDUFAF2,Mitochondria,0,0,0,0,0,0,0,0,0,0,0,0,0,9.152289948,0,0,0,0,0,0,0,0,0
NDUFAF6,Mitochondria,0,0,0,0,0,0,0,0,0,0,0,0,10.08919923,0,0,0,0,0,0,0,0,0,0
NDUFB11,Mitochondria,0,0,0,0,0,0,0,0,0,10.00133537,0,0,0,0,0,0,0,0,0,0,0,0,0
NDUFC2,Mitochondria,0,0,0,0,0,0,0,0,0,0,0,0,0,8.512233001,0,11.96680838,10.77871608,0,8.671435406,9.140332224,0,0,0
NDUFS3,Mitochondria,0,0,0,0,0,0,0,0,0,0,0,0,0,7.489743825,0,0,0,0,7.150425331,0,0,0,0
NDUFS8,Mitochondria,0,0,0,0,0,0,0,0,0,0,0,0,10.12215783,0,0,0,0,0,0,0,0,9.976402849,0
NIPSNAP1,Mitochondria,0,0,0,0,13.28860513,0,0,0,0,9.101961647,0,0,0,0,0,0,0,0,0,13.24423393,0,0,0
NLRX1,Mitochondria,0,0,0,0,12.46350164,0,0,8.448438607,0,9.608455723,0,8.748158178,0,0,0,0,0,0,0,0,0,0,0
NNT,Mitochondria,0,0,0,0,0,0,0,0,0,11.80350168,0,7.640241524,0,8.186033258,0,8.718277596,0,0,0,0,0,0,0
OXA1L,Mitochondria,14.83430474,8.732780759,0,0,10.7116523,6.356681161,4.475112683,8.429912326,8.081571442,21.59385936,0,9.861609382,8.87705761,16.0696509,0,12.83585582,10.94379498,0,13.33179839,21.93930063,0,9.875961899,0
PARL,Mitochondria,0,0,0,0,0,0,0,0,0,11.29765041,0,11.64321962,0,0,0,0,0,0,0,0,0,0,0
PC,Mitochondria,0,0,0,0,0,0,0,0,0,11.71906136,0,0,0,0,0,0,0,0,0,0,0,0,0
POLRMT,Mitochondria,0,0,0,0,0,0,0,0,0,0,0,0,0,0,0,0,0,0,0,8.88625984,0,0,0
PPM1K,Mitochondria,0,0,0,6.0638167,0,0,0,8.466385881,0,0,0,0,0,0,0,0,0,0,0,0,0,0,0
PPOX,Mitochondria,0,0,0,0,0,0,0,0,0,0,0,0,0,0,0,0,0,0,0,0,0,0,6.018304775
PYCR2,Mitochondria,0,0,0,0,0,0,0,0,0,0,0,6.653689016,0,0,0,0,0,0,0,11.26887189,0,0,0
QARS,Mitochondria,0,0,0,0,0,0,0,0,0,0,0,0,0,0,0,0,0,0,0,0,0,23.4204511,0
RDH13,Mitochondria,0,0,0,0,0,0,0,0,0,0,0,0,0,9.479734581,0,12.69081095,9.448508514,0,0,8.98159258,0,8.935559151,0
RPUSD3,Mitochondria,0,0,0,0,0,0,0,0,14.69828969,0,0,0,6.769139587,0,0,0,0,0,0,9.635480901,9.279696462,9.027039196,9.865900822
SCCPDH,Mitochondria,0,0,0,0,0,0,0,0,10.33861698,0,0,0,0,7.630842218,0,16.53281142,16.00310549,0,0,0,0,10.90970226,9.855594396
SCO1,Mitochondria,0,0,0,0,0,0,0,0,0,0,0,0,6.659597652,10.21005065,0,8.933376106,0,0,0,0,0,9.847965865,0
SFXN1,Mitochondria,0,0,0,0,0,0,0,0,0,0,0,6.63263839,0,8.203693948,0,0,0,0,0,0,0,0,0
SFXN2,Mitochondria,0,0,0,0,0,0,0,0,0,0,0,0,0,0,0,0,0,0,7.468127822,0,0,0,0
SFXN3,Mitochondria,19.88332978,12.08735766,10.02288446,0,13.9237361,9.917245338,0,18.17789532,13.0901276,18.86060228,8.210685072,15.58442661,14.82333603,15.60669019,7.569437379,18.21874042,17.21648207,7.994000458,16.75357264,22.62480977,13.94845082,14.49304077,7.280314318
SFXN4,Mitochondria,0,0,0,0,0,0,0,0,0,15.25601143,0,8.358542721,0,0,0,0,0,0,0,16.56702643,0,0,0
SLC25A12,Mitochondria,17.84592287,10.83071281,10.11307285,0,0,6.638176382,0,9.445912107,11.73457409,13.88692521,0,0,14.46616964,18.45234107,8.60802462,16.15047207,13.91592004,9.695289145,18.1196362,16.77685982,12.04618619,12.30853374,0
SLC25A16,Mitochondria,0,0,0,0,0,0,0,0,0,11.32236741,0,0,0,0,0,0,0,0,0,11.88969113,0,0,0
SLC25A18,Mitochondria,0,0,8.305049897,0,0,0,0,0,0,14.4030258,0,0,0,0,0,0,0,0,0,0,0,0,0
SLC25A19,Mitochondria,0,0,0,0,0,0,0,0,0,10.03653279,0,0,0,0,0,0,0,0,0,9.485221031,0,0,0
SLC25A21,Mitochondria,0,0,0,0,0,0,0,0,0,10.94464384,0,0,0,0,0,0,0,0,0,0,0,0,0
SLC25A24,Mitochondria,0,0,0,0,0,0,0,0,0,0,0,0,6.749011188,0,0,0,0,0,8.638048446,0,0,0,0
SLC25A42,Mitochondria,0,0,0,0,0,0,0,0,0,12.6566181,0,0,0,0,0,0,0,0,0,0,0,0,0
SLC25A6,Mitochondria,0,16.58492362,8.38315935,0,12.70329484,6.480571915,0,10.75248698,0,15.98153343,0,10.82259323,0,9.936897661,7.839496937,0,0,0,10.00445509,14.78722317,0,8.31061156,0
SMIM20,Mitochondria,0,0,0,0,0,0,0,0,0,0,0,0,0,13.60437728,0,0,0,0,0,0,0,0,0
SPG7,Mitochondria,0,0,0,0,0,0,0,0,0,19.30000893,0,0,7.201239146,8.535135979,0,11.3095585,0,0,0,18.95961578,0,11.34232926,0
SURF1,Mitochondria,0,0,0,0,0,0,0,0,0,0,0,0,0,8.265356942,0,0,0,0,0,0,0,0,0
SYNJ2BP,Mitochondria,9.576384183,0,0,0,0,0,0,0,0,0,0,7.46704946,0,0,0,24.12974623,10.51864353,0,0,0,0,0,0
TBRG4,Mitochondria,0,0,0,0,0,0,0,0,0,10.40945366,0,0,0,0,0,0,0,0,0,0,0,0,0
TIMM17A,Mitochondria,0,0,0,0,0,0,0,0,0,0,0,0,0,19.50886657,0,0,0,0,12.36419304,0,0,0,0
TIMM17B,Mitochondria,12.74010481,0,0,0,0,0,0,0,0,0,0,0,0,0,0,0,0,0,0,0,0,0,0
TIMM21,Mitochondria,0,0,0,0,0,0,0,0,0,11.34781504,0,6.710104183,0,9.488720187,0,0,16.59668129,0,9.502905324,0,0,10.88296326,0
TIMM23B,Mitochondria,0,0,0,0,0,0,0,0,0,0,0,7.554155335,0,0,0,0,0,0,0,0,0,0,0
TIMM29,Mitochondria,0,0,0,0,0,0,0,0,16.7415779,0,0,0,0,0,4.571635192,0,0,0,18.33297488,13.08864499,0,0,6.899532677
TIMM50,Mitochondria,0,0,0,0,0,0,0,0,0,20.76318845,0,15.82065235,0,9.513424666,0,0,10.93454549,0,0,16.12719273,0,0,0
TIMM9,Mitochondria,0,0,0,0,0,0,0,0,0,8.460837492,0,0,13.17687889,14.24193087,0,0,0,0,0,0,0,8.720451946,0
TMEM126B,Mitochondria,9.65610363,0,0,0,0,0,0,0,0,35.94861137,0,10.14594829,0,0,0,0,0,0,10.48691388,15.76767414,0,0,0
TMEM70,Mitochondria,0,0,0,0,0,0,0,0,0,0,0,0,0,9.087150748,0,0,8.723926862,0,0,0,0,0,0
TOMM22,Mitochondria,0,0,0,0,0,0,0,0,8.667175546,0,0,0,12.41186643,7.891165367,0,0,0,0,9.861250793,0,0,19.42376346,0
UQCC3,Mitochondria,0,0,0,0,0,0,0,0,0,0,0,6.419877573,0,0,0,0,0,0,0,0,0,0,0
UQCRB,Mitochondria,0,0,0,0,0,0,0,0,0,0,0,0,10.18947971,0,0,0,0,0,8.69750867,0,0,0,0
UQCRC1,Mitochondria,0,0,0,0,0,0,0,0,0,0,0,0,0,0,0,0,0,0,11.28619081,0,0,0,0
UQCRFS1,Mitochondria,0,0,0,0,0,0,0,0,0,0,0,0,0,0,0,0,0,0,9.158485525,0,0,0,0
UQCRH,Mitochondria,0,0,0,0,0,0,0,0,0,0,0,0,0,0,0,0,0,0,10.79635684,0,0,0,0
UQCRQ,Mitochondria,0,0,0,0,0,0,0,0,0,0,0,0,0,0,0,8.595962299,0,0,0,0,0,0,0
YME1L1,Mitochondria,0,0,0,0,0,0,0,0,0,12.86375689,0,6.708179161,0,14.99428687,0,9.640026142,0,0,8.634140362,13.70189429,0,9.630121582,0
AAAS,Nucleus,0,0,0,0,0,0,0,15.48831234,0,0,0,0,0,9.119334003,0,0,0,0,0,0,0,0,0
ACBD5,Nucleus,16.7575594,14.95431634,11.94210677,0,0,0,0,0,0,0,0,0,0,10.27868647,9.762010255,0,0,9.550332638,11.70835039,11.38096746,11.91052536,10.75275654,9.735028538
ARID1A,Nucleus,0,0,0,0,0,0,0,0,0,0,0,0,0,0,0,0,0,7.056251474,0,0,0,0,0
ARID5B,Nucleus,0,9.008005928,0,0,0,0,0,0,0,0,0,0,0,0,0,0,0,0,0,0,0,0,0
BSPRY,Nucleus,0,0,0,0,0,9.508174502,0,0,0,0,0,0,0,0,0,0,0,0,0,0,0,0,0
C2CD2,Nucleus,9.618537273,0,0,0,13.54313442,0,0,0,0,16.95846399,0,9.022503182,0,9.733099426,0,0,0,0,8.262788131,12.6631091,0,8.41821209,0
CDK5RAP3,Nucleus,0,0,0,0,0,0,0,0,0,0,0,0,0,0,0,11.55710246,0,0,0,0,0,0,0
DAZAP1,Nucleus,0,0,0,0,0,0,0,0,0,0,0,0,0,0,0,8.549970352,0,0,0,0,0,0,0
DDX39B,Nucleus,0,0,0,0,0,0,0,0,0,0,0,0,9.889012731,0,0,0,0,0,0,0,0,0,0
DNAJB2,Nucleus,0,0,0,0,0,0,0,0,0,0,0,6.782138957,0,0,0,0,0,0,0,13.09133503,0,0,0
DNTTIP2,Nucleus,0,0,0,0,0,0,0,0,0,0,0,0,0,0,0,0,0,7.674037531,0,0,0,0,0
EXD2,Nucleus,0,0,0,0,0,0,0,0,0,0,0,0,0,0,0,0,0,0,7.215366728,0,0,0,0
HELLS,Nucleus,0,0,0,0,0,0,0,0,0,0,0,0,0,0,0,0,0,0,10.78663031,0,0,0,0
HNRNPH2,Nucleus,0,0,0,6.684920584,0,6.524052035,0,0,0,0,0,0,0,0,0,0,0,0,0,0,0,0,0
IFRD1,Nucleus,0,0,0,0,0,0,0,0,12.62098537,0,0,0,7.462055852,0,0,0,0,0,7.471486547,0,0,0,7.734780042
ISG20,Nucleus,0,0,0,0,0,0,0,0,12.19250955,0,0,0,0,0,0,0,0,0,0,0,9.641500338,13.91353404,13.75100979
KIF23,Nucleus,0,0,0,0,0,0,0,0,0,0,0,0,0,0,0,0,0,8.957244524,6.621496516,0,0,0,0
KIF4A,Nucleus,0,0,0,0,0,0,0,0,0,0,0,0,0,0,0,0,0,0,10.0155892,0,0,0,0
LAMC2,Nucleus,12.12514065,13.103737,7.581833918,0,0,0,0,0,0,0,0,0,8.26538468,0,0,0,0,0,0,10.03755552,9.202248585,0,6.822477073
LEMD3,Nucleus,0,0,0,0,0,0,0,0,0,0,0,0,0,0,0,0,0,0,0,0,0,10.63060602,7.196543309
LMNB1,Nucleus,0,0,0,0,0,0,0,0,0,15.35575546,0,0,0,0,0,0,0,0,0,0,0,0,0
LMNB2,Nucleus,0,0,0,0,0,0,0,0,0,0,0,0,0,0,0,10.76380473,0,0,0,0,0,0,0
LOX,Nucleus,0,0,0,0,0,0,0,0,0,0,0,0,0,0,0,0,0,0,9.914429508,0,0,0,0
MCM3AP,Nucleus,0,0,0,0,0,0,0,0,0,0,0,0,0,0,0,0,0,0,0,0,0,0,6.300838741
MICAL2,Nucleus,0,0,0,0,0,0,0,0,0,0,0,0,0,0,0,0,0,0,0,9.030443685,0,0,0
MSH2,Nucleus,0,0,0,0,0,0,19.32256223,0,0,0,0,0,0,0,0,0,0,0,0,0,0,0,0
NUP160,Nucleus,0,0,0,0,0,0,0,0,0,0,0,0,6.518860835,0,0,0,0,0,0,0,0,13.87212922,10.44398002
NUP205,Nucleus,0,0,0,0,0,0,0,0,0,8.513511452,0,6.17896914,0,0,0,0,0,0,0,0,0,0,0
NUP88,Nucleus,0,0,11.69092352,0,0,0,0,0,0,0,0,0,0,0,0,0,0,0,0,0,0,0,0
NUSAP1,Nucleus,0,0,0,0,0,0,0,0,0,0,0,0,0,0,0,0,0,10.63415085,0,0,0,0,0
PBXIP1,Nucleus,0,0,0,0,0,0,0,0,0,12.98690899,0,8.025493466,0,0,0,0,0,0,0,0,0,0,0
PEX14,Nucleus,0,0,0,0,0,0,0,0,0,0,0,0,0,0,0,0,0,8.394699099,0,0,0,0,0
PGRMC2,Nucleus,0,0,0,0,0,0,0,0,0,0,0,9.708515903,0,0,0,10.69836135,0,0,0,0,0,0,0
PLRG1,Nucleus,0,0,0,0,0,0,0,0,0,0,0,0,0,0,0,0,0,0,7.705387698,0,0,0,0
PPP1R8,Nucleus,0,0,0,0,0,0,0,0,0,0,0,0,9.066197025,0,0,0,0,0,0,0,0,0,0
PRPF6,Nucleus,0,0,0,0,0,0,0,0,0,0,0,0,9.826126173,0,0,0,0,0,0,0,9.10204038,0,0
RBBP4,Nucleus,0,0,0,0,0,0,0,12.14336963,0,0,0,0,0,0,0,0,0,0,0,0,0,0,0
RBFOX2,Nucleus,0,0,0,0,0,0,0,0,0,26.58202182,0,0,0,0,0,0,0,0,0,0,0,0,0
RNF40,Nucleus,0,0,0,0,0,0,0,0,0,0,0,0,7.265610045,0,0,0,0,0,0,0,0,0,0
SLU7,Nucleus,0,0,0,0,0,0,0,0,0,0,0,0,0,0,0,0,0,0,0,12.31951001,0,0,0
SMARCA4,Nucleus,0,0,0,0,0,0,0,0,0,0,0,0,0,0,0,0,0,0,0,0,0,0,12.56625863
STK4,Nucleus,0,12.39809102,0,0,0,0,0,0,0,0,0,0,0,0,0,0,0,0,0,11.08474883,0,12.71834774,10.91056225
SUN1,Nucleus,8.849082591,0,0,0,0,0,0,0,0,0,0,0,0,9.663283551,0,0,0,0,0,0,0,0,0
TMEM120A,Nucleus,9.444203284,0,0,0,15.14304403,0,0,0,8.835127892,17.57930319,6.013352863,8.361456871,7.132550629,13.56198845,0,10.47753488,11.35530162,0,7.782176999,14.36723907,0,12.1823703,6.683222933
TMEM201,Nucleus,0,0,0,0,0,0,0,0,0,0,0,0,0,17.546577,5.292113922,0,0,0,17.50064696,0,0,21.40309367,0
UBE4A,Nucleus,0,0,0,0,0,0,0,0,0,0,0,0,0,8.926507897,0,0,0,0,0,0,0,0,0
WDR33,Nucleus,0,0,0,0,0,0,0,0,0,0,0,0,0,0,0,0,0,7.033741157,0,0,0,0,0
ABHD16A,Others,0,0,0,0,0,0,0,0,0,8.704722246,0,0,0,9.432795468,0,9.955877262,8.745907381,0,0,0,9.27533849,0,10.74818667
ARHGAP11A,Others,0,0,0,0,0,0,0,0,0,0,0,0,0,0,0,0,0,7.486795699,0,0,0,0,0
BAG2,Others,0,0,0,0,12.00298716,0,0,0,0,0,0,0,0,0,0,0,0,0,0,0,0,0,0
C2CD2L,Others,0,0,0,0,0,0,0,0,0,0,0,0,0,9.136625339,0,0,0,0,0,0,0,0,0
CGRRF1,Others,0,0,0,0,0,0,0,0,0,0,0,0,0,0,0,0,0,0,0,0,0,9.131735331,0
CLPTM1L,Others,0,0,0,0,8.105837724,0,0,0,10.75085848,0,0,0,0,0,0,12.09214793,0,0,0,0,0,0,0
CMTM4,Others,0,0,0,0,0,0,0,0,0,0,0,0,0,0,0,0,0,0,0,0,0,13.80325339,0
CRIP1,Others,0,0,0,0,0,0,5.452659739,0,0,0,0,0,0,0,0,0,0,0,0,0,0,0,0
CRIP2,Others,0,0,0,0,0,0,4.710509368,0,0,0,0,0,0,0,0,0,0,0,0,0,0,0,0
CYP27C1,Others,0,0,0,0,0,0,0,0,0,0,0,0,0,0,0,0,0,0,8.13376199,0,0,0,0
DHRS13,Others,0,0,0,0,8.603878123,0,0,0,0,13.57846171,0,11.24606644,0,9.68847845,0,10.11703185,0,0,0,10.10912414,0,0,0
DNAJB12,Others,0,0,0,0,13.71387447,0,0,0,0,12.73967312,8.39962969,15.99222072,0,0,0,0,10.08173126,0,0,0,0,0,0
DNAJC16,Others,0,0,0,0,0,0,0,0,0,0,0,0,0,0,0,0,0,0,7.979541988,0,0,0,0
EMC3,Others,0,0,0,0,0,0,0,0,0,0,0,0,0,0,0,0,0,6.047364224,0,0,0,0,0
FAR1,Others,0,0,0,0,10.49136276,0,0,0,0,13.41742128,5.787212566,7.963846881,0,12.8840549,0,0,0,0,0,0,0,0,0
FGFR1OP2,Others,0,0,0,0,0,0,0,0,0,0,0,0,0,11.91423794,0,0,0,0,0,0,0,0,0
FNDC3B,Others,9.017298143,0,0,0,0,0,0,0,0,0,0,0,0,0,0,11.0496343,10.62875395,0,0,0,0,8.422184882,0
GK5,Others,0,0,0,0,0,0,0,0,0,0,0,0,0,0,0,0,0,0,0,0,0,10.36903574,0
IFFO2,Others,0,0,0,7.457235501,0,0,0,0,0,0,0,0,0,0,0,0,0,0,0,0,0,0,0
ILVBL,Others,0,0,0,0,0,0,0,0,0,0,0,0,0,0,0,10.43546896,21.37718016,0,6.610681305,0,0,0,0
INCENP,Others,0,0,0,7.648697703,0,0,0,0,0,0,0,0,0,0,0,0,0,0,0,0,0,0,0
LAMB3,Others,9.556782551,13.01146951,0,0,0,0,0,0,0,0,0,0,0,0,0,0,12.53403962,0,0,10.48669633,10.35433659,9.576218076,0
MAP2,Others,0,0,0,0,0,0,4.659631532,0,0,0,0,0,0,0,0,0,0,0,0,0,0,0,0
METTL15,Others,0,0,0,0,0,0,0,0,9.994063137,0,0,0,0,0,0,0,0,0,0,0,0,0,0
PLEKHA5,Others,0,0,0,0,0,6.079073094,0,0,0,0,0,0,0,0,0,0,0,0,0,0,0,0,0
PLPP6,Others,8.983481613,0,0,0,7.867936361,0,0,0,0,17.48666961,0,6.366555807,8.159383682,17.82092298,0,0,0,0,0,17.30115012,0,11.57255055,0
RABL3,Others,0,0,0,0,8.667524411,0,0,0,0,11.15914698,0,11.70278188,0,0,0,0,0,0,0,0,0,0,0
SIGIRR,Others,9.699292751,8.372696698,0,0,0,0,0,8.45059722,0,0,0,0,0,0,0,0,0,0,0,0,0,0,0
SLC15A4,Others,0,0,0,0,0,0,0,0,0,13.90532851,0,7.875907246,0,0,0,0,0,0,0,0,0,0,0
SLC35E1,Others,0,0,0,0,9.388644689,0,0,0,0,0,0,7.094649327,0,0,0,0,0,0,0,0,0,0,0
SLC38A10,Others,9.857363008,0,0,0,14.8409753,0,0,0,0,13.68142936,0,0,0,13.32691573,0,0,0,0,9.206270096,0,0,8.624486722,0
SNRPC,Others,0,0,0,0,0,0,5.188200098,0,0,0,0,0,0,0,0,0,0,0,0,0,0,0,0
TAPT1,Others,0,0,0,0,0,7.840942356,0,0,0,0,0,0,0,0,0,0,0,0,0,0,0,0,0
TM2D3,Others,0,0,0,0,0,0,0,0,0,0,21.07265131,0,0,0,0,0,0,0,0,0,0,0,0
TM9SF3,Others,0,0,0,0,8.376636134,0,4.401995398,0,0,13.62812789,0,8.448235667,0,12.48528174,0,16.45664316,16.43541091,0,0,0,0,15.669841,0
TMEM161A,Others,0,0,0,0,0,0,0,0,0,0,0,0,0,0,0,0,0,0,0,0,0,19.32777326,0
TMEM209,Others,0,0,0,0,0,0,0,0,0,8.92032569,0,0,0,0,0,8.309749891,0,0,0,0,0,0,0
TMEM41B,Others,0,0,0,0,0,0,0,0,0,0,0,11.85852054,0,0,0,0,0,0,0,0,0,0,0
TMEM45B,Others,0,0,0,0,0,0,0,0,0,11.87047607,0,0,0,0,0,0,0,0,0,0,0,0,0
TMPRSS4,Others,0,0,0,0,0,0,0,0,0,0,14.25532699,0,0,0,0,0,0,0,0,0,0,0,0
TMTC3,Others,0,0,0,0,0,0,0,0,0,0,0,0,0,0,0,0,12.85949374,0,0,0,0,0,9.218990559
TMX2,Others,0,0,0,0,0,0,0,0,0,0,0,0,0,13.82976998,0,0,0,0,0,0,0,0,0
TOR4A,Others,0,0,0,0,0,0,0,0,0,0,0,0,0,0,0,0,0,0,0,0,0,9.276906868,0
TVP23B,Others,0,0,0,0,0,0,0,0,0,13.18980142,0,0,0,0,0,0,0,0,0,0,0,24.31444129,0
ANKRD22,NA,0,0,0,0,0,0,0,0,0,0,0,0,0,0,0,12.30526886,0,0,0,0,0,0,0
ATP5F1A,NA,0,0,0,0,0,0,0,0,0,19.93798316,0,12.09752495,0,0,0,0,0,0,0,10.94641532,0,0,0
ATP5F1B,NA,0,0,0,0,7.691928829,0,0,0,0,0,0,7.633266198,0,12.03956121,0,0,0,0,0,9.413429546,0,0,0
ATP5IF1,NA,0,0,0,0,0,0,0,0,0,0,0,0,0,8.937091981,0,0,0,0,0,0,0,0,0
ATP5PB,NA,0,0,0,0,0,0,0,0,0,0,0,7.922220845,0,0,0,0,0,0,0,0,0,0,0
ATP5PF,NA,0,0,0,0,0,0,0,0,0,0,0,8.053994091,0,8.373139534,0,0,0,0,0,0,0,0,0
ATP5PO,NA,0,0,0,0,0,0,0,0,0,0,0,7.330821062,0,0,0,0,0,0,0,0,0,0,0
C11H5orf15,NA,0,0,0,0,13.40225977,0,0,0,0,0,0,0,0,0,0,0,0,0,0,0,0,0,0
C20H19orf70,NA,11.15476595,8.937845952,0,0,0,0,0,0,0,19.06549586,0,6.944479908,0,0,0,0,0,0,0,0,0,0,0
C6H16orf58,NA,0,0,0,0,0,0,0,0,0,0,0,0,0,0,0,0,0,0,0,0,0,10.13035289,7.802737097
C6H16orf91,NA,0,0,0,0,0,0,0,0,0,0,0,0,0,10.02982019,0,0,0,0,0,0,0,0,0
CCDC56,NA,0,0,0,0,0,0,0,0,0,0,0,7.165085177,0,0,0,0,0,0,0,0,0,0,0
CRYBG2,NA,0,0,0,0,0,0,0,0,0,0,0,0,0,0,0,17.07462113,0,0,0,0,0,0,0
DDA1,NA,0,0,0,0,0,0,7.122038979,0,0,0,0,0,0,0,0,0,0,0,0,0,0,0,0
DLA88,NA,0,0,0,0,0,0,0,0,0,0,0,0,15.25746212,0,0,0,0,0,0,0,0,0,0
DMAC2,NA,0,0,0,0,9.070082156,0,0,0,0,0,0,0,0,0,0,0,0,0,0,0,0,0,0
E2QV49,NA,0,0,0,0,0,0,0,0,0,8.439063174,0,9.781850108,0,0,0,0,0,0,0,0,0,0,0
E2RNF5,NA,0,0,0,0,0,0,0,0,0,0,0,0,7.672717726,0,0,0,0,0,0,0,0,0,0
E2RNY7,NA,0,0,0,0,0,0,0,0,0,9.507846467,0,0,0,0,0,0,0,0,0,0,0,0,0
F1P7J0,NA,0,0,0,0,0,0,0,0,0,0,0,0,0,0,0,0,0,7.30117559,0,0,0,0,0
F1P8D4,NA,0,0,0,0,0,0,0,0,0,0,0,0,0,0,0,0,0,0,8.690126232,0,0,0,0
F1PAE8,NA,0,9.190495143,0,0,0,0,0,0,0,0,0,0,0,0,0,0,0,0,0,0,0,0,0
F1PAK4,NA,0,0,0,0,0,0,0,0,0,0,0,0,12.47691361,0,0,0,0,0,0,0,0,0,0
F1PDJ2,NA,0,0,0,0,0,0,0,0,0,0,8.105116691,7.987602025,0,0,0,0,0,0,0,0,0,10.68484289,0
F1PNJ5,NA,0,0,0,0,0,0,0,0,0,0,0,0,0,7.543203829,0,0,0,0,8.876074531,0,0,0,0
F1PP57,NA,0,0,0,0,0,0,0,0,0,0,0,0,0,8.704598025,0,0,0,0,0,0,0,0,0
F1Q2N5,NA,0,0,0,0,0,0,0,0,0,11.74373051,0,10.07885069,0,0,0,0,0,0,0,11.14120234,0,0,0
HSPA1,NA,0,0,0,0,0,0,0,0,0,0,0,0,0,0,0,0,0,0,0,0,0,9.056478161,0
ITPRID2,NA,0,0,0,0,0,0,0,0,0,0,0,0,0,0,0,0,0,8.423757567,0,0,0,0,6.713905028
J9NT25,NA,0,0,0,0,0,0,0,0,7.463062635,0,0,0,0,12.80585493,0,0,0,0,8.078093567,0,0,0,0
J9NZZ6,NA,9.742665707,11.48220357,0,0,9.753056982,6.11644605,0,9.102691627,9.321520111,0,6.108777786,6.658210781,9.618202697,11.92473454,6.743710368,15.53936872,12.62345798,7.31222353,13.17255327,13.23205451,9.515512311,12.7551591,8.794423607
KCNN,NA,0,0,0,0,10.00590721,0,0,0,0,0,0,0,0,0,0,0,0,0,0,0,0,0,0
LOC100683871,NA,0,0,0,0,0,0,0,0,0,10.52436594,0,6.236225701,0,0,0,0,0,0,0,0,0,0,0
LOC100855841,NA,0,0,0,0,0,0,0,0,0,10.51407487,4.596264478,6.264510526,0,0,0,0,0,0,0,0,0,8.703688431,0
LOC102151856,NA,0,0,0,0,0,0,0,0,0,0,0,7.300899081,0,0,0,0,0,0,0,0,0,0,0
LOC479708,NA,0,0,0,0,0,0,0,0,0,0,0,0,0,0,0,0,0,0,0,0,0,11.73121826,0
LOC480667,NA,0,0,0,0,0,0,0,0,0,11.62790603,0,0,0,0,0,0,0,0,0,0,0,0,0
LOC488767,NA,0,0,0,0,0,0,0,0,0,0,0,0,0,10.09702107,0,0,9.036931797,0,0,9.391337163,0,0,0
LOC489992,NA,0,0,0,0,0,0,0,0,0,0,0,10.09114917,0,0,0,0,0,0,0,0,0,0,0
LOC610994,NA,0,0,0,7.853665049,0,0,0,0,0,0,0,0,0,0,0,0,0,0,0,0,0,0,0
LOC612644,NA,0,0,0,0,0,0,0,11.03680993,0,0,0,0,0,0,0,0,0,0,0,0,0,0,0
METTL9,NA,0,0,0,0,0,0,0,0,0,0,6.434438353,0,0,0,0,0,0,0,0,0,0,0,0
PHF3,NA,0,0,0,0,0,0,0,0,0,0,0,0,0,0,0,0,0,6.508018821,0,0,0,0,0
PIS,NA,0,0,0,0,0,0,0,0,12.18284667,0,0,9.881811691,0,0,0,14.3512831,9.020433419,0,8.704655691,9.185842814,8.38259047,0,0
PLEKHG3,NA,0,0,0,6.403905558,0,0,0,0,0,0,0,0,0,0,0,0,0,0,0,0,0,0,0
RETREG1,NA,0,0,0,0,0,0,0,0,0,0,0,0,0,0,0,11.37950793,0,0,0,0,0,0,0
SEC61,NA,0,0,0,0,0,0,0,0,0,11.5272447,0,10.47431445,0,10.94976127,0,0,9.469128559,0,0,8.867462459,0,0,0
SH3TC1,NA,0,0,0,0,11.56556331,0,0,0,0,0,0,0,0,0,0,9.064704769,0,0,0,0,0,9.784776587,0
SQOR,NA,0,0,0,0,8.312048164,0,0,0,0,20.08294326,0,12.02013084,0,0,0,0,0,0,0,0,0,0,0
TRABD,NA,0,0,0,0,0,0,0,0,0,0,0,8.908952461,0,0,0,0,0,0,0,0,0,0,0
